pdf_file_name,country,fully_matching_pair,outlier_version,note
Argentina_2019-07-15.pdf,Argentina,SL=SA,Weiqi,
Belize_2016-03-28.pdf,Belize,SL=Weiqi,SA,
Benin_2017-04-26.pdf,Benin,SL=Weiqi,SA,
Bolivia_2020-05-29.pdf,Bolivia,Weiqi=SA,SL,SL found no table; Weiqi & SA agree on year 2019 and all 15 values
Bulgaria_2018-02-21.pdf,Bulgaria,Weiqi=SA,SL,
Burkina Faso_2016-12-22.pdf,Burkina Faso,SL=SA,Weiqi,
Burkina Faso_2018-03-15.pdf,Burkina Faso,SL=SA,Weiqi,
Burkina Faso_2019-12-30.pdf,Burkina Faso,Weiqi=SA,SL,
Chad_2016-08-17.pdf,Chad,Weiqi=SA,SL,
Cote d'Ivoire_2017-12-15.pdf,Côte D’Ivoire,SL=SA,Weiqi,
Cote d'Ivoire_2018-06-25.pdf,Côte d'Ivoire,SL=Weiqi,SA,SA found no table; SL & Weiqi agree on year 2016 and all 17 values
Cyprus_2016-01-29.pdf,Cyprus,SL=Weiqi,SA,
Democratic Republic of São Tomé and Príncipe_2017-12-18.pdf,Democratic Republic Of São Tomé And Príncipe,SL=Weiqi,SA,
Djibouti_2017-04-06.pdf,Djibouti,SL=Weiqi,SA,
Dominica_2016-07-20.pdf,Dominica,SL=SA,Weiqi,
Dominica_2017-12-20.pdf,Dominica,SL=Weiqi,SA,
Ecuador_2019-03-20.pdf,Ecuador,Weiqi=SA,SL,
Ecuador_2020-05-28.pdf,Ecuador,SL=SA,Weiqi,
Ghana_2020-04-16.pdf,Ghana,Weiqi=SA,SL,
Grenada_2016-12-21.pdf,Grenada,SL=SA,Weiqi,
Guatemala_2016-09-01.pdf,Guatemala,Weiqi=SA,SL,
Guatemala_2018-06-08.pdf,Guatemala,SL=SA,Weiqi,
Guinea-Bissau_2016-12-28.pdf,Guinea-Bissau,SL=Weiqi,SA,
Guinea-Bissau_2017-12-18.pdf,Guinea-Bissau,SL=SA,Weiqi,
Guinea_2017-12-19.pdf,Guinea,Weiqi=SA,SL,
Guyana_2018-07-16.pdf,Guyana,Weiqi=SA,SL,
Honduras_2018-07-03.pdf,Honduras,SL=Weiqi,SA,
Indonesia_2016-03-15.pdf,Indonesia,SL=SA,Weiqi,
Indonesia_2018-02-06.pdf,Indonesia,SL=SA,Weiqi,
Islamic Republic of Mauritania_2016-05-11.pdf,Islamic Republic Of Mauritania,Weiqi=SA,SL,
Islamic Republic of Mauritania_2017-10-16.pdf,Islamic Republic Of Mauritania,Weiqi=SA,SL,
Islamic Republic of Mauritania_2017-12-13.pdf,Islamic Republic Of Mauritania,SL=Weiqi,SA,
Israel_2017-03-28.pdf,Israel,SL=SA,Weiqi,
Italy_2017-07-27.pdf,Italy,SL=SA,Weiqi,Weiqi found no table; SL & SA agree on year 2016 and all 15 values
Kingdom of Lesotho_2018-02-28.pdf,Kingdom Of Lesotho,SL=SA,Weiqi,
Kyrgyz Republic_2018-02-22.pdf,Kyrgyz Republic,SL=Weiqi,SA,
Lao People's Democratic Republic_2017-02-15.pdf,Lao People'S Democratic Republic,SL=SA,Weiqi,
Lao People’s Democratic Republic_2018-03-23.pdf,Lao People'S Democratic Republic,Weiqi=SA,SL,
Liberia_2016-01-08.pdf,Liberia,SL=SA,Weiqi,
Liberia_2017-11-20.pdf,Liberia,SL=SA,Weiqi,
Liberia_2018-06-15.pdf,Liberia,Weiqi=SA,SL,
Luxembourg_2017-05-10.pdf,Luxembourg,SL=SA,Weiqi,
Malaysia_2016-05-04.pdf,Malaysia,SL=SA,Weiqi,
Malaysia_2019-03-08.pdf,Malaysia,Weiqi=SA,SL,
Maldives_2017-12-01.pdf,Maldives,Weiqi=SA,SL,
Maldives_2019-09-03_CR2019-281.pdf,Maldives,SL=SA,Weiqi,
Mexico_2018-11-27.pdf,Mexico,SL=Weiqi,SA,
Mexico_2020-11-20.pdf,Mexico,SL=SA,Weiqi,
Myanmar_2017-02-02.pdf,Myanmar,SL=Weiqi,SA,
Myanmar_2020-07-02.pdf,Myanmar,SL=SA,Weiqi,
Nepal_2020-04-06.pdf,Nepal,Weiqi=SA,SL,
New Zealand_2017-05-08.pdf,New Zealand,Weiqi=SA,SL,
Norway_2018-09-17.pdf,Norway,SL=Weiqi,SA,
Papua New Guinea_2017-01-30.pdf,Papua New Guinea,Weiqi=SA,SL,
Papua New Guinea_2017-12-29.pdf,Papua New Guinea,Weiqi=SA,SL,
Peru_2020-05-29.pdf,Peru,SL=SA,Weiqi,
Philippines_2016-09-26.pdf,Philippines,SL=SA,Weiqi,
Philippines_2017-11-10.pdf,Philippines,SL=Weiqi,SA,
Philippines_2018-09-27.pdf,Philippines,Weiqi=SA,SL,
Republic of Armenia_2016-07-21.pdf,Republic Of Armenia,Weiqi=SA,SL,
Republic of Armenia_2016-12-13.pdf,Republic Of Armenia,Weiqi=SA,SL,
Republic of Armenia_2017-07-19.pdf,Republic Of Armenia,Weiqi=SA,SL,
Republic of Croatia_2019-02-12.pdf,Republic Of Croatia,SL=Weiqi,SA,
Republic of Equatorial Guinea_2016-11-16.pdf,Republic Of Equatorial Guinea,SL=SA,Weiqi,
Republic of Equatorial Guinea_2019-12-20.pdf,Republic Of Equatorial Guinea,SL=SA,Weiqi,
Republic of Kosovo_2017-03-17.pdf,Republic Of Kosovo,SL=SA,Weiqi,
Republic of Lithuania_2017-06-30.pdf,Republic Of Lithuania,SL=Weiqi,SA,
Republic of Madagascar_2018-07-25.pdf,Republic Of Madagascar,Weiqi=SA,SL,
Republic of Madagascar_2020-08-27.pdf,Republic Of Madagascar,SL=Weiqi,SA,
Republic of Moldova_2016-11-09.pdf,Republic Of Moldova,SL=Weiqi,SA,
Republic of Nauru_2020-01-29.pdf,Republic Of Nauru,SL=SA,Weiqi,
Republic of Poland_2017-01-18.pdf,Republic Of Poland,Weiqi=SA,SL,
Republic of San Marino_2017-04-06.pdf,Republic Of San Marino,SL=SA,Weiqi,
Republic of San Marino_2020-04-02.pdf,Republic Of San Marino,Weiqi=SA,SL,
Republic of Slovenia_2019-02-18.pdf,Republic Of Slovenia,SL=SA,Weiqi,
Republic of Timor-Leste_2016-06-24.pdf,Republic Of Timor-Leste,SL=SA,Weiqi,
Rwanda_2016-01-28.pdf,Rwanda,SL=SA,Weiqi,
Rwanda_2017-07-13.pdf,Rwanda,SL=SA,Weiqi,
Saudi Arabia_2017-10-05.pdf,Saudi Arabia,Weiqi=SA,SL,
Senegal_2016-01-06.pdf,Senegal,Weiqi=SA,SL,
Senegal_2017-01-04.pdf,Senegal,SL=SA,Weiqi,
Senegal_2018-01-12.pdf,Senegal,Weiqi=SA,SL,
Singapore_2018-07-27.pdf,Singapore,SL=SA,Weiqi,
Solomon Islands_2016-03-23.pdf,Solomon Islands,SL=Weiqi,SA,
Solomon Islands_2018-03-05.pdf,Solomon Islands,SL=SA,Weiqi,
Sri Lanka_2019-05-16.pdf,Sri Lanka,SL=SA,Weiqi,
St. Vincent and the Grenadines_2020-05-29.pdf,St. Vincent And The Grenadines,Weiqi=SA,SL,
Sweden_2019-03-26.pdf,Sweden,SL=SA,Weiqi,
Thailand_2018-06-04.pdf,Thailand,SL=SA,Weiqi,
The Federal Democratic Republic of Ethiopia_2016-10-04.pdf,The Federal Democratic Republic Of Ethiopia,SL=SA,Weiqi,
The Gambia_2017-07-03.pdf,The Gambia,Weiqi=SA,SL,
Togo_2017-12-15.pdf,Togo,SL=SA,Weiqi,
United Kingdom_2016-02-24.pdf,United Kingdom,SL=SA,Weiqi,
United Republic of Tanzania_2016-02-01.pdf,Tanzania,SL=Weiqi,SA,SL & Weiqi both concluded no DSA table exists; SA found one (no values to compare)
Vanuatu_2016-10-31.pdf,Vanuatu,SL=Weiqi,SA,
Zambia_2019-08-02.pdf,Zambia,SL=SA,Weiqi,
