json_file,pdf_file_name,country,group,needs_check,runs_present,table_found_by_run,last_actual_year_by_run,rows_compared,rows_matching,rows_differing,error_by_run
Albania_2011-10-21_dsa.json,Albania_2011-10-21.pdf,Albania,fully_match,No,yes|yes|yes,True|True|True,2010|2010|2010,15,15,0,
Albania_2014-03-19_dsa.json,Albania_2014-03-19.pdf,Albania,partial_match,Yes,yes|yes|yes,True|True|True,2013|2013|2013,15,13,2,
Algeria_2011-02-03_dsa.json,Algeria_2011-02-03.pdf,Algeria,no_table_in_all_runs,Yes,yes|yes|yes,False|False|False,||,0,0,0,
Algeria_2012-01-31_dsa.json,Algeria_2012-01-31.pdf,Algeria,no_table_in_all_runs,Yes,yes|yes|yes,False|False|False,||,0,0,0,
Algeria_2014-02-04_dsa.json,Algeria_2014-02-04.pdf,Algeria,partial_match,Yes,yes|yes|yes,True|True|True,2012|2012|2012,15,14,1,
Algeria_2014-12-11_dsa.json,Algeria_2014-12-11.pdf,Algeria,fully_match,No,yes|yes|yes,True|True|True,2013|2013|2013,15,15,0,
Angola_2011-12-08_dsa.json,Angola_2011-12-08.pdf,Angola,no_table_in_all_runs,Yes,yes|yes|yes,False|False|False,||,0,0,0,
Angola_2012-05-09_dsa.json,Angola_2012-05-09.pdf,Angola,no_table_in_all_runs,Yes,yes|yes|yes,False|False|False,||,0,0,0,
Angola_2012-08-02_dsa.json,Angola_2012-08-02.pdf,Angola,fully_match,No,yes|yes|yes,True|True|True,2011|2011|2011,15,15,0,
Angola_2014-09-05_dsa.json,Angola_2014-09-05.pdf,Angola,partial_match,Yes,yes|yes|yes,True|True|True,2013|2013|2013,15,14,1,
Angola_2015-11-03_dsa.json,Angola_2015-11-03.pdf,Angola,fully_match,No,yes|yes|yes,True|True|True,2014|2014|2014,15,15,0,
Antigua and Barbuda_2013-03-22_dsa.json,Antigua and Barbuda_2013-03-22.pdf,Antigua And Barbuda,fully_match,No,yes|yes|yes,True|True|True,2011|2011|2011,15,15,0,
Antigua and Barbuda_2015-07-17_dsa.json,Antigua and Barbuda_2015-07-17.pdf,Antigua And Barbuda,fully_match,No,yes|yes|yes,True|True|True,2013|2013|2013,14,14,0,
Arab Republic of Egypt_2015-02-11_dsa.json,Arab Republic of Egypt_2015-02-11.pdf,Arab Republic Of Egypt,fully_match,No,yes|yes|yes,True|True|True,2013|2013|2013,15,15,0,
Australia_2011-10-06_dsa.json,Australia_2011-10-06.pdf,Australia,no_table_in_all_runs,Yes,yes|yes|yes,False|False|False,||,0,0,0,
Australia_2012-11-15_dsa.json,Australia_2012-11-15.pdf,Australia,no_table_in_all_runs,Yes,yes|yes|yes,False|False|False,||,0,0,0,
Australia_2014-02-12_dsa.json,Australia_2014-02-12.pdf,Australia,last_actual_year_differs,Yes,yes|yes|yes,True|True|True,2012|2012|2013,15,0,15,
Australia_2015-09-30_dsa.json,Australia_2015-09-30.pdf,Australia,fully_match,No,yes|yes|yes,True|True|True,2014|2014|2014,15,15,0,
Austria_2011-09-06_dsa.json,Austria_2011-09-06.pdf,Austria,no_table_in_all_runs,Yes,yes|yes|yes,False|False|False,||,0,0,0,
Austria_2012-08-28_dsa.json,Austria_2012-08-28.pdf,Austria,no_table_in_all_runs,Yes,yes|yes|yes,False|False|False,||,0,0,0,
Austria_2014-09-15_dsa.json,Austria_2014-09-15.pdf,Austria,fully_match,No,yes|yes|yes,True|True|True,2013|2013|2013,13,13,0,
Baltic Cluster Report_2014-05-08_dsa.json,Baltic Cluster Report_2014-05-08.pdf,Baltic Cluster Report,no_table_in_all_runs,Yes,yes|yes|yes,False|False|False,||,0,0,0,
Bangladesh_2011-11-03_dsa.json,Bangladesh_2011-11-03.pdf,Bangladesh,fully_match,No,yes|yes|yes,True|True|True,2011|2011|2011,17,17,0,
Bangladesh_2013-03-11_dsa.json,Bangladesh_2013-03-11.pdf,Bangladesh,fully_match,No,yes|yes|yes,True|True|True,2011|2011|2011,14,14,0,
Bangladesh_2013-12-05_dsa.json,Bangladesh_2013-12-05.pdf,Bangladesh,fully_match,No,yes|yes|yes,True|True|True,2012|2012|2012,14,14,0,
Bangladesh_2015-11-10_dsa.json,Bangladesh_2015-11-10.pdf,Bangladesh,table_found_differs,Yes,yes|yes|yes,True|False|False,2013||,17,0,17,
Barbados_2012-01-19_dsa.json,Barbados_2012-01-19.pdf,Barbados,last_actual_year_differs,Yes,yes|yes|yes,True|True|True,2009|2010|2010,15,0,15,
Barbados_2014-02-12_dsa.json,Barbados_2014-02-12.pdf,Barbados,fully_match,No,yes|yes|yes,True|True|True,2012|2012|2012,15,15,0,
Belgium_2011-04-06_dsa.json,Belgium_2011-04-06.pdf,Belgium,table_found_differs,Yes,yes|yes|yes,True|False|False,2009||,15,0,15,
Belgium_2012-03-20_dsa.json,Belgium_2012-03-20.pdf,Belgium,fully_match,No,yes|yes|yes,True|True|True,2011|2011|2011,15,15,0,
Belgium_2014-03-12_dsa.json,Belgium_2014-03-12.pdf,Belgium,fully_match,No,yes|yes|yes,True|True|True,2013|2013|2013,15,15,0,
Belgium_2015-03-12_dsa.json,Belgium_2015-03-12.pdf,Belgium,fully_match,No,yes|yes|yes,True|True|True,2014|2014|2014,15,15,0,
Belize_2011-01-14_dsa.json,Belize_2011-01-14.pdf,Belize,fully_match,No,yes|yes|yes,True|True|True,2008|2008|2008,15,15,0,
Belize_2011-12-02_dsa.json,Belize_2011-12-02.pdf,Belize,fully_match,No,yes|yes|yes,True|True|True,2010|2010|2010,15,15,0,
Belize_2013-07-23_dsa.json,Belize_2013-07-23.pdf,Belize,fully_match,No,yes|yes|yes,True|True|True,2012|2012|2012,15,15,0,
Belize_2014-09-17_dsa.json,Belize_2014-09-17.pdf,Belize,fully_match,No,yes|yes|yes,True|True|True,2013|2013|2013,13,13,0,
Benin_2011-03-02_dsa.json,Benin_2011-03-02.pdf,Benin,no_table_in_all_runs,Yes,yes|yes|yes,False|False|False,||,0,0,0,
Benin_2011-09-22_dsa.json,Benin_2011-09-22.pdf,Benin,last_actual_year_differs,Yes,yes|yes|yes,True|True|True,2010|2009|2010,17,0,17,
Benin_2013-01-11_dsa.json,Benin_2013-01-11.pdf,Benin,fully_match,No,yes|yes|yes,True|True|True,2011|2011|2011,17,17,0,
Bhutan_2011-06-02_dsa.json,Bhutan_2011-06-02.pdf,Bhutan,last_actual_year_differs,Yes,yes|yes|yes,True|True|True,2009|2009|2008,17,0,17,
Bolivia_2011-06-02_dsa.json,Bolivia_2011-06-02.pdf,Bolivia,fully_match,No,yes|yes|yes,True|True|True,2010|2010|2010,17,17,0,
Bolivia_2014-02-10_dsa.json,Bolivia_2014-02-10.pdf,Bolivia,fully_match,No,yes|yes|yes,True|True|True,2012|2012|2012,17,17,0,
Bolivia_2015-12-18_dsa.json,Bolivia_2015-12-18.pdf,Bolivia,fully_match,No,yes|yes|yes,True|True|True,2014|2014|2014,17,17,0,
Bosnia and Herzegovina_2012-10-05_dsa.json,Bosnia and Herzegovina_2012-10-05.pdf,Bosnia And Herzegovina,last_actual_year_differs,Yes,yes|yes|yes,True|True|True,2011||,15,0,15,
Bosnia and Herzegovina_2012-12-27_dsa.json,Bosnia and Herzegovina_2012-12-27.pdf,Bosnia And Herzegovina,no_table_in_all_runs,Yes,yes|yes|yes,False|False|False,||,0,0,0,
Bosnia and Herzegovina_2013-05-17_dsa.json,Bosnia and Herzegovina_2013-05-17.pdf,Bosnia And Herzegovina,no_table_in_all_runs,Yes,yes|yes|yes,False|False|False,||,0,0,0,
Bosnia and Herzegovina_2013-07-03_dsa.json,Bosnia and Herzegovina_2013-07-03.pdf,Bosnia And Herzegovina,no_table_in_all_runs,Yes,yes|yes|yes,False|False|False,||,0,0,0,
Bosnia and Herzegovina_2015-10-28_dsa.json,Bosnia and Herzegovina_2015-10-28.pdf,Bosnia And Herzegovina,fully_match,No,yes|yes|yes,True|True|True,2014|2014|2014,15,15,0,
Botswana_2011-08-04_dsa.json,Botswana_2011-08-04.pdf,Botswana,fully_match,No,yes|yes|yes,True|True|True,2010|2010|2010,15,15,0,
Botswana_2012-08-10_dsa.json,Botswana_2012-08-10.pdf,Botswana,table_found_differs,Yes,yes|yes|yes,True|False|False,2011||,15,0,15,
Botswana_2014-07-15_dsa.json,Botswana_2014-07-15.pdf,Botswana,partial_match,Yes,yes|yes|yes,True|True|True,2013|2013|2013,15,13,2,
Brazil_2012-07-20_dsa.json,Brazil_2012-07-20.pdf,Brazil,fully_match,No,yes|yes|yes,True|True|True,2011|2011|2011,15,15,0,
Brazil_2013-10-23_dsa.json,Brazil_2013-10-23.pdf,Brazil,fully_match,No,yes|yes|yes,True|True|True,2012|2012|2012,15,15,0,
Brazil_2015-05-12_dsa.json,Brazil_2015-05-12.pdf,Brazil,fully_match,No,yes|yes|yes,True|True|True,2014|2014|2014,16,16,0,
Bulgaria_2011-07-15_dsa.json,Bulgaria_2011-07-15.pdf,Bulgaria,last_actual_year_differs,Yes,yes|yes|yes,True|True|True,2010||,13,0,13,
Bulgaria_2012-12-13_dsa.json,Bulgaria_2012-12-13.pdf,Bulgaria,fully_match,No,yes|yes|yes,True|True|True,2011|2011|2011,16,16,0,
Bulgaria_2014-01-30_dsa.json,Bulgaria_2014-01-30.pdf,Bulgaria,fully_match,No,yes|yes|yes,True|True|True,2012|2012|2012,15,15,0,
Bulgaria_2015-05-13_dsa.json,Bulgaria_2015-05-13.pdf,Bulgaria,partial_match,Yes,yes|yes|yes,True|True|True,2014|2014|2014,15,13,2,
Burkina Faso_2011-08-11_dsa.json,Burkina Faso_2011-08-11.pdf,Burkina Faso,no_table_in_all_runs,Yes,yes|yes|yes,False|False|False,||,0,0,0,
Burkina Faso_2012-07-02_CR2012-158_dsa.json,Burkina Faso_2012-07-02_CR2012-158.pdf,Burkina Faso,last_actual_year_differs,Yes,yes|yes|yes,True|True|True,2010|2009|2010,17,0,17,
Burkina Faso_2013-01-25_dsa.json,Burkina Faso_2013-01-25.pdf,Burkina Faso,no_table_in_all_runs,Yes,yes|yes|yes,False|False|False,||,0,0,0,
Burkina Faso_2013-07-25_dsa.json,Burkina Faso_2013-07-25.pdf,Burkina Faso,fully_match,No,yes|yes|yes,True|True|True,2012|2012|2012,17,17,0,
Burundi_2011-05-11_dsa.json,Burundi_2011-05-11.pdf,Burundi,no_table_in_all_runs,Yes,yes|yes|yes,False|False|False,||,0,0,0,
Burundi_2011-07-25_dsa.json,Burundi_2011-07-25.pdf,Burundi,no_table_in_all_runs,Yes,yes|yes|yes,False|False|False,||,0,0,0,
Burundi_2012-02-02_dsa.json,Burundi_2012-02-02.pdf,Burundi,fully_match,No,yes|yes|yes,True|True|True,2010|2010|2010,17,17,0,
Burundi_2012-08-06_dsa.json,Burundi_2012-08-06.pdf,Burundi,no_table_in_all_runs,Yes,yes|yes|yes,False|False|False,||,0,0,0,
Burundi_2013-03-11_dsa.json,Burundi_2013-03-11.pdf,Burundi,fully_match,No,yes|yes|yes,True|True|True,2011|2011|2011,17,17,0,
Burundi_2013-09-18_dsa.json,Burundi_2013-09-18.pdf,Burundi,fully_match,No,yes|yes|yes,True|True|True,2012|2012|2012,17,17,0,
Burundi_2014-09-23_dsa.json,Burundi_2014-09-23.pdf,Burundi,no_table_in_all_runs,Yes,yes|yes|yes,False|False|False,||,0,0,0,
Cabo Verde_2014-09-25_dsa.json,Cabo Verde_2014-09-25.pdf,Cabo Verde,fully_match,No,yes|yes|yes,True|True|True,2012|2012|2012,17,17,0,
Cambodia_2011-02-07_dsa.json,Cambodia_2011-02-07.pdf,Cambodia,fully_match,No,yes|yes|yes,True|True|True,2009|2009|2009,17,17,0,
Cambodia_2012-02-27_dsa.json,Cambodia_2012-02-27.pdf,Cambodia,fully_match,No,yes|yes|yes,True|True|True,2010|2010|2010,17,17,0,
Cambodia_2014-02-04_dsa.json,Cambodia_2014-02-04.pdf,Cambodia,last_actual_year_differs,Yes,yes|yes|yes,True|True|True,2012||,17,0,17,
Cambodia_2015-11-16_dsa.json,Cambodia_2015-11-16.pdf,Cambodia,table_found_differs,Yes,yes|yes|yes,True|False|False,2014||,17,0,17,
Cameroon_2012-08-13_dsa.json,Cameroon_2012-08-13.pdf,Cameroon,last_actual_year_differs,Yes,yes|yes|yes,True|True|True,2011|2010|2010,17,0,17,
Cameroon_2014-07-17_dsa.json,Cameroon_2014-07-17.pdf,Cameroon,last_actual_year_differs,Yes,yes|yes|yes,True|True|True,2013|2012|2012,17,0,17,
Cameroon_2015-12-03_dsa.json,Cameroon_2015-12-03.pdf,Cameroon,fully_match,No,yes|yes|yes,True|True|True,2014|2014|2014,17,17,0,
Canada_2011-12-21_dsa.json,Canada_2011-12-21.pdf,Canada,no_table_in_all_runs,Yes,yes|yes|yes,False|False|False,||,0,0,0,
Canada_2015-01-30_dsa.json,Canada_2015-01-30.pdf,Canada,fully_match,No,yes|yes|yes,True|True|True,2013|2013|2013,12,12,0,
Cape Verde_2011-07-20_dsa.json,Cape Verde_2011-07-20.pdf,Cape Verde,no_table_in_all_runs,Yes,yes|yes|yes,False|False|False,||,0,0,0,
Cape Verde_2012-02-03_dsa.json,Cape Verde_2012-02-03.pdf,Cape Verde,fully_match,No,yes|yes|yes,True|True|True,2010|2010|2010,17,17,0,
Central African Republic_2012-08-13_CR2012-238_dsa.json,Central African Republic_2012-08-13_CR2012-238.pdf,Central African Republic,fully_match,No,yes|yes|yes,True|True|True,2010|2010|2010,17,17,0,
Central and Eastern Europe_2015-04-07_dsa.json,Central and Eastern Europe_2015-04-07.pdf,Central And Eastern Europe,no_table_in_all_runs,Yes,yes|yes|yes,False|False|False,||,0,0,0,
Chad_2011-10-12_dsa.json,Chad_2011-10-12.pdf,Chad,fully_match,No,yes|yes|yes,True|True|True,2009|2009|2009,17,17,0,
Chad_2013-05-14_dsa.json,Chad_2013-05-14.pdf,Chad,fully_match,No,yes|yes|yes,True|True|True,2011|2011|2011,17,17,0,
Chad_2014-04-17_dsa.json,Chad_2014-04-17.pdf,Chad,fully_match,No,yes|yes|yes,True|True|True,2012|2012|2012,17,17,0,
Chad_2015-12-21_dsa.json,Chad_2015-12-21.pdf,Chad,fully_match,No,yes|yes|yes,True|True|True,2013|2013|2013,17,17,0,
Chile_2011-08-24_dsa.json,Chile_2011-08-24.pdf,Chile,fully_match,No,yes|yes|yes,True|True|True,2010|2010|2010,15,15,0,
Chile_2014-07-22_dsa.json,Chile_2014-07-22.pdf,Chile,fully_match,No,yes|yes|yes,True|True|True,2013|2013|2013,14,14,0,
Chile_2015-08-06_dsa.json,Chile_2015-08-06.pdf,Chile,fully_match,No,yes|yes|yes,True|True|True,2014|2014|2014,14,14,0,
Colombia_2011-07-05_dsa.json,Colombia_2011-07-05.pdf,Colombia,table_found_differs,Yes,yes|yes|yes,True|False|False,2010||,15,0,15,
Colombia_2011-08-02_dsa.json,Colombia_2011-08-02.pdf,Colombia,table_found_differs,Yes,yes|yes|yes,True|False|True,2010||,15,0,15,
Colombia_2012-09-20_dsa.json,Colombia_2012-09-20.pdf,Colombia,table_found_differs,Yes,yes|yes|yes,True|False|False,2011||,15,0,15,
Colombia_2013-07-10_dsa.json,Colombia_2013-07-10.pdf,Colombia,last_actual_year_differs,Yes,yes|yes|yes,True|True|True,2011||,15,0,15,
Colombia_2014-05-28_dsa.json,Colombia_2014-05-28.pdf,Colombia,partial_match,Yes,yes|yes|yes,True|True|True,2013|2013|2013,14,13,1,
Colombia_2015-06-08_dsa.json,Colombia_2015-06-08.pdf,Colombia,fully_match,No,yes|yes|yes,True|True|True,2014|2014|2014,15,15,0,
Costa Rica_2011-07-05_dsa.json,Costa Rica_2011-07-05.pdf,Costa Rica,last_actual_year_differs,Yes,yes|yes|yes,True|True|True,2009|2010|2010,15,0,15,
Costa Rica_2015-02-04_dsa.json,Costa Rica_2015-02-04.pdf,Costa Rica,fully_match,No,yes|yes|yes,True|True|True,2013|2013|2013,15,15,0,
Cyprus_2011-11-29_dsa.json,Cyprus_2011-11-29.pdf,Cyprus,fully_match,No,yes|yes|yes,True|True|True,2010|2010|2010,15,15,0,
Cyprus_2014-04-01_dsa.json,Cyprus_2014-04-01.pdf,Cyprus,last_actual_year_differs,Yes,yes|yes|yes,True|True|True,2012|2013|2012,15,0,15,
Cyprus_2014-10-22_dsa.json,Cyprus_2014-10-22.pdf,Cyprus,partial_match,Yes,yes|yes|yes,True|True|True,2013|2013|2013,15,4,11,
Cyprus_2015-09-25_dsa.json,Cyprus_2015-09-25.pdf,Cyprus,fully_match,No,yes|yes|yes,True|True|True,2014|2014|2014,15,15,0,
Czech Republic_2011-04-07_dsa.json,Czech Republic_2011-04-07.pdf,Czech Republic,table_found_differs,Yes,yes|yes|yes,True|False|True,2010||,15,0,15,
Czech Republic_2012-05-18_dsa.json,Czech Republic_2012-05-18.pdf,Czech Republic,table_found_differs,Yes,yes|yes|yes,True|False|False,2011||,15,0,15,
Czech Republic_2014-09-02_dsa.json,Czech Republic_2014-09-02.pdf,Czech Republic,fully_match,No,yes|yes|yes,True|True|True,2013|2013|2013,14,14,0,
Czech Republic_2015-07-23_dsa.json,Czech Republic_2015-07-23.pdf,Czech Republic,fully_match,No,yes|yes|yes,True|True|True,2014|2014|2014,15,15,0,
Côte d'Ivoire_2011-11-22_dsa.json,Côte d'Ivoire_2011-11-22.pdf,Côte D'Ivoire,fully_match,No,yes|yes|yes,True|True|True,2010|2010|2010,17,17,0,
Côte d’Ivoire_2012-12-12_dsa.json,Côte d’Ivoire_2012-12-12.pdf,Côte D'Ivoire,fully_match,No,yes|yes|yes,True|True|True,2011|2011|2011,17,17,0,
Democratic Republic of São Tomé and Príncipe_2012-02-08_dsa.json,Democratic Republic of São Tomé and Príncipe_2012-02-08.pdf,Democratic Republic Of São Tomé And Príncipe,last_actual_year_differs,Yes,yes|yes|yes,True|True|True,2010|2009|2010,18,0,18,
Democratic Republic of the Congo_2011-02-22_dsa.json,Democratic Republic of the Congo_2011-02-22.pdf,Democratic Republic Of The Congo,no_table_in_all_runs,Yes,yes|yes|yes,False|False|False,||,0,0,0,
Democratic Republic of the Congo_2011-07-20_dsa.json,Democratic Republic of the Congo_2011-07-20.pdf,Democratic Republic Of The Congo,no_table_in_all_runs,Yes,yes|yes|yes,False|False|False,||,0,0,0,
Democratic Republic of the Congo_2013-04-03_dsa.json,Democratic Republic of the Congo_2013-04-03.pdf,Democratic Republic Of The Congo,last_actual_year_differs,Yes,yes|yes|yes,True|True|True,2011|2010|2010,17,0,17,
Democratic Republic of the Congo_2014-09-30_dsa.json,Democratic Republic of the Congo_2014-09-30.pdf,Democratic Republic Of The Congo,fully_match,No,yes|yes|yes,True|True|True,2012|2012|2012,17,17,0,
Democratic Republic of Timor-Leste_2011-03-08_dsa.json,Democratic Republic of Timor-Leste_2011-03-08.pdf,Democratic Republic Of Timor-Leste,fully_match,No,yes|yes|yes,True|True|True,2009|2009|2009,17,17,0,
Democratic Republic of Timor-Leste_2012-02-01_dsa.json,Democratic Republic of Timor-Leste_2012-02-01.pdf,Democratic Republic Of Timor-Leste,fully_match,No,yes|yes|yes,True|True|True,2010|2010|2010,17,17,0,
Denmark_2014-12-09_dsa.json,Denmark_2014-12-09.pdf,Denmark,no_table_in_all_runs,Yes,yes|yes|yes,False|False|False,||,0,0,0,
Djibouti_2012-07-10_dsa.json,Djibouti_2012-07-10.pdf,Djibouti,no_table_in_all_runs,Yes,yes|yes|yes,False|False|False,||,0,0,0,
Djibouti_2012-07-24_dsa.json,Djibouti_2012-07-24.pdf,Djibouti,fully_match,No,yes|yes|yes,True|True|True,2010|2010|2010,17,17,0,
Djibouti_2013-03-21_dsa.json,Djibouti_2013-03-21.pdf,Djibouti,fully_match,No,yes|yes|yes,True|True|True,2011|2011|2011,17,17,0,
Djibouti_2015-12-15_dsa.json,Djibouti_2015-12-15.pdf,Djibouti,fully_match,No,yes|yes|yes,True|True|True,2013|2013|2013,17,17,0,
Dominica_2012-02-27_dsa.json,Dominica_2012-02-27.pdf,Dominica,table_found_differs,Yes,yes|yes|yes,True|False|True,2010||,13,0,13,
Dominica_2015-11-18_dsa.json,Dominica_2015-11-18.pdf,Dominica,fully_match,No,yes|yes|yes,True|True|True,2013|2013|2013,17,17,0,
Dominican Republic_2011-03-22_CR2011-070_dsa.json,Dominican Republic_2011-03-22_CR2011-070.pdf,Dominican Republic,no_table_in_all_runs,Yes,yes|yes|yes,False|False|False,||,0,0,0,
Dominican Republic_2011-03-22_CR2011-071_dsa.json,Dominican Republic_2011-03-22_CR2011-071.pdf,Dominican Republic,fully_match,No,yes|yes|yes,True|True|True,2009|2009|2009,15,15,0,
Dominican Republic_2011-07-13_dsa.json,Dominican Republic_2011-07-13.pdf,Dominican Republic,no_table_in_all_runs,Yes,yes|yes|yes,False|False|False,||,0,0,0,
Ecuador_2015-10-21_dsa.json,Ecuador_2015-10-21.pdf,Ecuador,fully_match,No,yes|yes|yes,True|True|True,2014|2014|2014,12,12,0,
El Salvador_2011-04-19_dsa.json,El Salvador_2011-04-19.pdf,El Salvador,table_found_differs,Yes,yes|yes|yes,True|False|True,2009||,15,0,15,
El Salvador_2011-10-12_dsa.json,El Salvador_2011-10-12.pdf,El Salvador,table_found_differs,Yes,yes|yes|yes,True|False|True,2010||,15,0,15,
El Salvador_2015-01-12_dsa.json,El Salvador_2015-01-12.pdf,El Salvador,fully_match,No,yes|yes|yes,True|True|True,2013|2013|2013,15,15,0,
Federated States of Micronesia_2011-02-04_dsa.json,Federated States of Micronesia_2011-02-04.pdf,Federated States Of Micronesia,no_table_in_all_runs,Yes,yes|yes|yes,False|False|False,||,0,0,0,
Federated States of Micronesia_2015-05-15_dsa.json,Federated States of Micronesia_2015-05-15.pdf,Federated States Of Micronesia,fully_match,No,yes|yes|yes,True|True|True,2013|2013|2013,17,17,0,
Finland_2012-08-31_dsa.json,Finland_2012-08-31.pdf,Finland,table_found_differs,Yes,yes|yes|yes,True|False|False,2011||,15,0,15,
Finland_2014-05-28_dsa.json,Finland_2014-05-28.pdf,Finland,partial_match,Yes,yes|yes|yes,True|True|True,2013|2013|2013,15,13,2,
Finland_2015-11-17_dsa.json,Finland_2015-11-17.pdf,Finland,fully_match,No,yes|yes|yes,True|True|True,2014|2014|2014,15,15,0,
Former Yugoslav Republic of Macedonia_2012-06-08_dsa.json,Former Yugoslav Republic of Macedonia_2012-06-08.pdf,Former Yugoslav Republic Of Macedonia,last_actual_year_differs,Yes,yes|yes|yes,True|True|True,2011||,15,0,15,
Former Yugoslav Republic of Macedonia_2014-07-25_dsa.json,Former Yugoslav Republic of Macedonia_2014-07-25.pdf,Former Yugoslav Republic Of Macedonia,fully_match,No,yes|yes|yes,True|True|True,2013|2013|2013,15,15,0,
Former Yugoslav Republic of Macedonia_2015-09-03_dsa.json,Former Yugoslav Republic of Macedonia_2015-09-03.pdf,Former Yugoslav Republic Of Macedonia,partial_match,Yes,yes|yes|yes,True|True|True,2014|2014|2014,15,8,7,
France_2011-07-27_dsa.json,France_2011-07-27.pdf,France,no_table_in_all_runs,Yes,yes|yes|yes,False|False|False,||,0,0,0,
France_2014-07-03_dsa.json,France_2014-07-03.pdf,France,partial_match,Yes,yes|yes|yes,True|True|True,2013|2013|2013,15,14,1,
France_2015-07-10_dsa.json,France_2015-07-10.pdf,France,fully_match,No,yes|yes|yes,True|True|True,2014|2014|2014,15,15,0,
Gabon_2011-05-04_dsa.json,Gabon_2011-05-04.pdf,Gabon,fully_match,No,yes|yes|yes,True|True|True,2009|2009|2009,15,15,0,
Gabon_2015-02-25_dsa.json,Gabon_2015-02-25.pdf,Gabon,fully_match,No,yes|yes|yes,True|True|True,2014|2014|2014,15,15,0,
Georgia_2011-01-28_dsa.json,Georgia_2011-01-28.pdf,Georgia,table_found_differs,Yes,yes|yes|yes,True|False|False,2009||,17,0,17,
Georgia_2011-04-21_dsa.json,Georgia_2011-04-21.pdf,Georgia,table_found_differs,Yes,yes|yes|yes,True|False|False,2010||,15,0,15,
Georgia_2011-06-27_dsa.json,Georgia_2011-06-27.pdf,Georgia,table_found_differs,Yes,yes|yes|yes,True|False|False,2010||,15,0,15,
Georgia_2012-04-24_dsa.json,Georgia_2012-04-24.pdf,Georgia,fully_match,No,yes|yes|yes,True|True|True,2011|2011|2011,15,15,0,
Georgia_2013-04-03_dsa.json,Georgia_2013-04-03.pdf,Georgia,table_found_differs,Yes,yes|yes|yes,True|True|False,2011||,15,0,15,
Georgia_2015-01-20_dsa.json,Georgia_2015-01-20.pdf,Georgia,partial_match,Yes,yes|yes|yes,True|True|True,2013|2013|2013,15,11,4,
German-Central European Supply Chain-Cluster Report_2013-08-20_dsa.json,German-Central European Supply Chain-Cluster Report_2013-08-20.pdf,,no_table_in_all_runs,Yes,yes|yes|yes,False|False|False,||,0,0,0,
Germany_2011-07-12_dsa.json,Germany_2011-07-12.pdf,Germany,no_table_in_all_runs,Yes,yes|yes|yes,False|False|False,||,0,0,0,
Germany_2012-07-03_dsa.json,Germany_2012-07-03.pdf,Germany,no_table_in_all_runs,Yes,yes|yes|yes,False|False|False,||,0,0,0,
Germany_2014-07-21_dsa.json,Germany_2014-07-21.pdf,Germany,partial_match,Yes,yes|yes|yes,True|True|True,2013|2013|2013,16,14,2,
Germany_2015-07-15_dsa.json,Germany_2015-07-15.pdf,Germany,fully_match,No,yes|yes|yes,True|True|True,2014|2014|2014,15,15,0,
Ghana_2011-06-10_CR2011-128_dsa.json,Ghana_2011-06-10_CR2011-128.pdf,Ghana,fully_match,No,yes|yes|yes,True|True|True,2010|2010|2010,17,17,0,
Ghana_2011-06-10_CR2011-129_dsa.json,Ghana_2011-06-10_CR2011-129.pdf,Ghana,no_table_in_all_runs,Yes,yes|yes|yes,False|False|False,||,0,0,0,
Ghana_2012-02-08_dsa.json,Ghana_2012-02-08.pdf,Ghana,fully_match,No,yes|yes|yes,True|True|True,2010|2010|2010,17,17,0,
Ghana_2012-07-27_dsa.json,Ghana_2012-07-27.pdf,Ghana,no_table_in_all_runs,Yes,yes|yes|yes,False|False|False,||,0,0,0,
Ghana_2014-05-30_dsa.json,Ghana_2014-05-30.pdf,Ghana,fully_match,No,yes|yes|yes,True|True|True,2013|2013|2013,17,17,0,
Greece_2011-03-16_dsa.json,Greece_2011-03-16.pdf,Greece,fully_match,No,yes|yes|yes,True|True|True,2009|2009|2009,16,16,0,
Greece_2012-03-16_dsa.json,Greece_2012-03-16.pdf,Greece,fully_match,No,yes|yes|yes,True|True|True,2011|2011|2011,15,15,0,
Greece_2013-01-18_dsa.json,Greece_2013-01-18.pdf,Greece,fully_match,No,yes|yes|yes,True|True|True,2011|2011|2011,15,15,0,
Greece_2013-06-05_dsa.json,Greece_2013-06-05.pdf,Greece,fully_match,No,yes|yes|yes,True|True|True,2012|2012|2012,15,15,0,
Greece_2013-07-31_dsa.json,Greece_2013-07-31.pdf,Greece,fully_match,No,yes|yes|yes,True|True|True,2012|2012|2012,15,15,0,
Grenada_2015-12-03_dsa.json,Grenada_2015-12-03.pdf,Grenada,fully_match,No,yes|yes|yes,True|True|True,2014|2014|2014,17,17,0,
Guatemala_2012-06-11_dsa.json,Guatemala_2012-06-11.pdf,Guatemala,table_found_differs,Yes,yes|yes|yes,True|False|False,2010||,15,0,15,
Guatemala_2014-09-18_dsa.json,Guatemala_2014-09-18.pdf,Guatemala,partial_match,Yes,yes|yes|yes,True|True|True,2013|2013|2013,16,14,2,
Guinea-Bissau_2011-05-26_dsa.json,Guinea-Bissau_2011-05-26.pdf,Guinea-Bissau,no_table_in_all_runs,Yes,yes|yes|yes,False|False|False,||,0,0,0,
Guinea-Bissau_2011-12-14_dsa.json,Guinea-Bissau_2011-12-14.pdf,Guinea-Bissau,last_actual_year_differs,Yes,yes|yes|yes,True|True|True,2010|2009|2009,17,0,17,
Guinea-Bissau_2013-07-03_dsa.json,Guinea-Bissau_2013-07-03.pdf,Guinea-Bissau,fully_match,No,yes|yes|yes,True|True|True,2012|2012|2012,17,17,0,
Guinea_2012-03-26_dsa.json,Guinea_2012-03-26.pdf,Guinea,fully_match,No,yes|yes|yes,True|True|True,2010|2010|2010,17,17,0,
Guinea_2012-11-07_dsa.json,Guinea_2012-11-07.pdf,Guinea,no_table_in_all_runs,Yes,yes|yes|yes,False|False|False,||,0,0,0,
Guinea_2014-02-27_dsa.json,Guinea_2014-02-27.pdf,Guinea,no_table_in_all_runs,Yes,yes|yes|yes,False|False|False,||,0,0,0,
Guinea_2015-05-01_dsa.json,Guinea_2015-05-01.pdf,Guinea,no_table_in_all_runs,Yes,yes|yes|yes,False|False|False,||,0,0,0,
Guyana_2011-06-28_dsa.json,Guyana_2011-06-28.pdf,Guyana,fully_match,No,yes|yes|yes,True|True|True,2009|2009|2009,17,17,0,
Guyana_2014-09-25_dsa.json,Guyana_2014-09-25.pdf,Guyana,fully_match,No,yes|yes|yes,True|True|True,2012|2012|2012,17,17,0,
Haiti_2011-05-13_dsa.json,Haiti_2011-05-13.pdf,Haiti,no_table_in_all_runs,Yes,yes|yes|yes,False|False|False,||,0,0,0,
Haiti_2011-06-14_dsa.json,Haiti_2011-06-14.pdf,Haiti,no_table_in_all_runs,Yes,yes|yes|yes,False|False|False,||,0,0,0,
Haiti_2012-08-03_dsa.json,Haiti_2012-08-03.pdf,Haiti,no_table_in_all_runs,Yes,yes|yes|yes,False|False|False,||,0,0,0,
Haiti_2015-06-24_dsa.json,Haiti_2015-06-24.pdf,Haiti,fully_match,No,yes|yes|yes,True|True|True,2014|2014|2014,17,17,0,
Honduras_2011-05-10_dsa.json,Honduras_2011-05-10.pdf,Honduras,no_table_in_all_runs,Yes,yes|yes|yes,False|False|False,||,0,0,0,
Honduras_2015-10-14_dsa.json,Honduras_2015-10-14.pdf,Honduras,no_table_in_all_runs,Yes,yes|yes|yes,False|False|False,||,0,0,0,
Hungary_2011-02-03_dsa.json,Hungary_2011-02-03.pdf,Hungary,fully_match,No,yes|yes|yes,True|True|True,2009|2009|2009,15,15,0,
Hungary_2012-01-25_dsa.json,Hungary_2012-01-25.pdf,Hungary,table_found_differs,Yes,yes|yes|yes,True|False|False,2010||,15,0,15,
Hungary_2013-03-29_dsa.json,Hungary_2013-03-29.pdf,Hungary,fully_match,No,yes|yes|yes,True|True|True,2011|2011|2011,15,15,0,
Hungary_2014-06-06_dsa.json,Hungary_2014-06-06.pdf,Hungary,fully_match,No,yes|yes|yes,True|True|True,2013|2013|2013,15,15,0,
Hungary_2015-04-03_dsa.json,Hungary_2015-04-03.pdf,Hungary,partial_match,Yes,yes|yes|yes,True|True|True,2014|2014|2014,15,14,1,
Iceland_2011-01-14_dsa.json,Iceland_2011-01-14.pdf,Iceland,fully_match,No,yes|yes|yes,True|True|True,2009|2009|2009,15,15,0,
Iceland_2011-06-06_dsa.json,Iceland_2011-06-06.pdf,Iceland,fully_match,No,yes|yes|yes,True|True|True,2010|2010|2010,15,15,0,
Iceland_2011-08-31_dsa.json,Iceland_2011-08-31.pdf,Iceland,fully_match,No,yes|yes|yes,True|True|True,2010|2010|2010,15,15,0,
Iceland_2012-04-12_dsa.json,Iceland_2012-04-12.pdf,Iceland,fully_match,No,yes|yes|yes,True|True|True,2011|2011|2011,15,15,0,
Iceland_2015-03-13_dsa.json,Iceland_2015-03-13.pdf,Iceland,fully_match,No,yes|yes|yes,True|True|True,2014|2014|2014,14,14,0,
India_2011-02-14_dsa.json,India_2011-02-14.pdf,India,fully_match,No,yes|yes|yes,True|True|True,2010|2010|2010,15,15,0,
India_2012-04-18_dsa.json,India_2012-04-18.pdf,India,last_actual_year_differs,Yes,yes|yes|yes,True|True|True,2012|2011|2011,15,0,15,
India_2014-02-20_dsa.json,India_2014-02-20.pdf,India,fully_match,No,yes|yes|yes,True|True|True,2013|2013|2013,15,15,0,
India_2015-03-11_dsa.json,India_2015-03-11.pdf,India,fully_match,No,yes|yes|yes,True|True|True,2013|2013|2013,14,14,0,
Indonesia_2011-10-21_dsa.json,Indonesia_2011-10-21.pdf,Indonesia,fully_match,No,yes|yes|yes,True|True|True,2010|2010|2010,15,15,0,
Indonesia_2012-09-25_dsa.json,Indonesia_2012-09-25.pdf,Indonesia,fully_match,No,yes|yes|yes,True|True|True,2011|2011|2011,15,15,0,
Indonesia_2013-12-15_dsa.json,Indonesia_2013-12-15.pdf,Indonesia,fully_match,No,yes|yes|yes,True|True|True,2012|2012|2012,14,14,0,
Indonesia_2015-03-19_dsa.json,Indonesia_2015-03-19.pdf,Indonesia,partial_match,Yes,yes|yes|yes,True|True|True,2013|2013|2013,15,14,1,
Iraq_2011-03-28_dsa.json,Iraq_2011-03-28.pdf,Iraq,fully_match,No,yes|yes|yes,True|True|True,2009|2009|2009,15,15,0,
Iraq_2015-08-18_dsa.json,Iraq_2015-08-18.pdf,Iraq,fully_match,No,yes|yes|yes,True|True|True,2014|2014|2014,15,15,0,
Ireland_2011-05-20_dsa.json,Ireland_2011-05-20.pdf,Ireland,fully_match,No,yes|yes|yes,True|True|True,2010|2010|2010,15,15,0,
Ireland_2011-09-07_dsa.json,Ireland_2011-09-07.pdf,Ireland,fully_match,No,yes|yes|yes,True|True|True,2010|2010|2010,15,15,0,
Ireland_2011-12-20_dsa.json,Ireland_2011-12-20.pdf,Ireland,fully_match,No,yes|yes|yes,True|True|True,2010|2010|2010,15,15,0,
Ireland_2012-06-15_dsa.json,Ireland_2012-06-15.pdf,Ireland,fully_match,No,yes|yes|yes,True|True|True,2011|2011|2011,15,15,0,
Ireland_2012-09-10_dsa.json,Ireland_2012-09-10.pdf,Ireland,fully_match,No,yes|yes|yes,True|True|True,2011|2011|2011,15,15,0,
Ireland_2012-12-19_dsa.json,Ireland_2012-12-19.pdf,Ireland,fully_match,No,yes|yes|yes,True|True|True,2011|2011|2011,15,15,0,
Ireland_2015-01-29_dsa.json,Ireland_2015-01-29.pdf,Ireland,no_table_in_all_runs,Yes,yes|yes|yes,False|False|False,||,0,0,0,
Ireland_2015-03-25_dsa.json,Ireland_2015-03-25.pdf,Ireland,partial_match,Yes,yes|yes|yes,True|True|True,2014|2014|2014,14,12,2,
Ireland_2015-06-22_dsa.json,Ireland_2015-06-22.pdf,Ireland,no_table_in_all_runs,Yes,yes|yes|yes,False|False|False,||,0,0,0,
Islamic Republic of Afghanistan_2011-11-23_dsa.json,Islamic Republic of Afghanistan_2011-11-23.pdf,Islamic Republic Of Afghanistan,fully_match,No,yes|yes|yes,True|True|True,2010|2010|2010,17,17,0,
Islamic Republic of Afghanistan_2014-05-21_dsa.json,Islamic Republic of Afghanistan_2014-05-21.pdf,Islamic Republic Of Afghanistan,fully_match,No,yes|yes|yes,True|True|True,2012|2012|2012,17,17,0,
Islamic Republic of Afghanistan_2015-12-01_dsa.json,Islamic Republic of Afghanistan_2015-12-01.pdf,Islamic Republic Of Afghanistan,missing_in_run,Yes,yes|yes|no,True|True|,2014|2014|,17,0,17,
Islamic Republic of Iran_2011-08-03_dsa.json,Islamic Republic of Iran_2011-08-03.pdf,Islamic Republic Of Iran,no_table_in_all_runs,Yes,yes|yes|yes,False|False|False,||,0,0,0,
Islamic Republic of Iran_2014-04-04_dsa.json,Islamic Republic of Iran_2014-04-04.pdf,Islamic Republic Of Iran,fully_match,No,yes|yes|yes,True|True|True,2012|2012|2012,15,15,0,
Islamic Republic of Iran_2015-12-21_dsa.json,Islamic Republic of Iran_2015-12-21.pdf,Islamic Republic Of Iran,fully_match,No,yes|yes|yes,True|True|True,2014|2014|2014,15,15,0,
Islamic Republic of Mauritania_2011-07-19_dsa.json,Islamic Republic of Mauritania_2011-07-19.pdf,Islamic Republic Of Mauritania,fully_match,No,yes|yes|yes,True|True|True,2009|2009|2009,18,18,0,
Islamic Republic of Mauritania_2011-12-23_dsa.json,Islamic Republic of Mauritania_2011-12-23.pdf,Islamic Republic Of Mauritania,no_table_in_all_runs,Yes,yes|yes|yes,False|False|False,||,0,0,0,
Islamic Republic of Mauritania_2012-08-01_dsa.json,Islamic Republic of Mauritania_2012-08-01.pdf,Islamic Republic Of Mauritania,fully_match,No,yes|yes|yes,True|True|True,2011|2011|2011,17,17,0,
Islamic Republic of Mauritania_2012-12-04_dsa.json,Islamic Republic of Mauritania_2012-12-04.pdf,Islamic Republic Of Mauritania,no_table_in_all_runs,Yes,yes|yes|yes,False|False|False,||,0,0,0,
Islamic Republic of Mauritania_2013-07-02_dsa.json,Islamic Republic of Mauritania_2013-07-02.pdf,Islamic Republic Of Mauritania,fully_match,No,yes|yes|yes,True|True|True,2012|2012|2012,17,17,0,
Islamic Republic of Mauritania_2015-02-12_dsa.json,Islamic Republic of Mauritania_2015-02-12.pdf,Islamic Republic Of Mauritania,fully_match,No,yes|yes|yes,True|True|True,2013|2013|2013,17,17,0,
Israel_2011-01-24_dsa.json,Israel_2011-01-24.pdf,Israel,no_table_in_all_runs,Yes,yes|yes|yes,False|False|False,||,0,0,0,
Israel_2012-04-02_dsa.json,Israel_2012-04-02.pdf,Israel,last_actual_year_differs,Yes,yes|yes|yes,True|True|True,2011||,15,0,15,
Israel_2014-02-12_dsa.json,Israel_2014-02-12.pdf,Israel,fully_match,No,yes|yes|yes,True|True|True,2012|2012|2012,15,15,0,
Israel_2015-09-16_dsa.json,Israel_2015-09-16.pdf,Israel,fully_match,No,yes|yes|yes,True|True|True,2014|2014|2014,15,15,0,
Italy_2011-07-12_dsa.json,Italy_2011-07-12.pdf,Italy,no_table_in_all_runs,Yes,yes|yes|yes,False|False|False,||,0,0,0,
Italy_2012-07-10_dsa.json,Italy_2012-07-10.pdf,Italy,no_table_in_all_runs,Yes,yes|yes|yes,False|False|False,||,0,0,0,
Italy_2014-09-18_dsa.json,Italy_2014-09-18.pdf,Italy,partial_match,Yes,yes|yes|yes,True|True|True,2013|2013|2013,15,13,2,
Italy_2015-07-07_dsa.json,Italy_2015-07-07.pdf,Italy,fully_match,No,yes|yes|yes,True|True|True,2014|2014|2014,15,15,0,
Jamaica_2011-02-11_dsa.json,Jamaica_2011-02-11.pdf,Jamaica,table_found_differs,Yes,yes|yes|yes,True|False|False,2010||,15,0,15,
Jamaica_2014-06-20_dsa.json,Jamaica_2014-06-20.pdf,Jamaica,fully_match,No,yes|yes|yes,True|True|True,2013|2013|2013,15,15,0,
Jamaica_2015-04-03_dsa.json,Jamaica_2015-04-03.pdf,Jamaica,no_table_in_all_runs,Yes,yes|yes|yes,False|False|False,||,0,0,0,
Jamaica_2015-09-24_dsa.json,Jamaica_2015-09-24.pdf,Jamaica,partial_match,Yes,yes|yes|yes,True|True|True,2014|2014|2014,15,14,1,
Jamaica_2015-12-17_dsa.json,Jamaica_2015-12-17.pdf,Jamaica,no_table_in_all_runs,Yes,yes|yes|yes,False|False|False,||,0,0,0,
Japan_2011-07-19_dsa.json,Japan_2011-07-19.pdf,Japan,fully_match,No,yes|yes|yes,True|True|True,2010|2010|2010,15,15,0,
Japan_2012-08-01_dsa.json,Japan_2012-08-01.pdf,Japan,no_table_in_all_runs,Yes,yes|yes|yes,False|False|False,||,0,0,0,
Japan_2014-07-31_dsa.json,Japan_2014-07-31.pdf,Japan,fully_match,No,yes|yes|yes,True|True|True,2013|2013|2013,14,14,0,
Japan_2015-07-23_dsa.json,Japan_2015-07-23.pdf,Japan,fully_match,No,yes|yes|yes,True|True|True,2014|2014|2014,14,14,0,
Jordan_2012-05-22_dsa.json,Jordan_2012-05-22.pdf,Jordan,fully_match,No,yes|yes|yes,True|True|True,2011|2011|2011,15,15,0,
Jordan_2012-12-27_dsa.json,Jordan_2012-12-27.pdf,Jordan,fully_match,No,yes|yes|yes,True|True|True,2011|2011|2011,15,15,0,
Jordan_2013-05-23_dsa.json,Jordan_2013-05-23.pdf,Jordan,fully_match,No,yes|yes|yes,True|True|True,2012|2012|2012,15,15,0,
Jordan_2014-06-09_dsa.json,Jordan_2014-06-09.pdf,Jordan,fully_match,No,yes|yes|yes,True|True|True,2013|2013|2013,15,15,0,
Kenya_2011-02-10_dsa.json,Kenya_2011-02-10.pdf,Kenya,fully_match,No,yes|yes|yes,True|True|True,2009|2009|2009,17,17,0,
Kenya_2011-07-07_dsa.json,Kenya_2011-07-07.pdf,Kenya,no_table_in_all_runs,Yes,yes|yes|yes,False|False|False,||,0,0,0,
Kenya_2012-01-26_dsa.json,Kenya_2012-01-26.pdf,Kenya,fully_match,No,yes|yes|yes,True|True|True,2010|2010|2010,17,17,0,
Kenya_2012-04-24_dsa.json,Kenya_2012-04-24.pdf,Kenya,no_table_in_all_runs,Yes,yes|yes|yes,False|False|False,||,0,0,0,
Kenya_2012-11-05_dsa.json,Kenya_2012-11-05.pdf,Kenya,no_table_in_all_runs,Yes,yes|yes|yes,False|False|False,||,0,0,0,
Kenya_2013-04-30_dsa.json,Kenya_2013-04-30.pdf,Kenya,last_actual_year_differs,Yes,yes|yes|yes,True|True|True,2012|2011|2011,17,0,17,
Kenya_2014-10-02_dsa.json,Kenya_2014-10-02.pdf,Kenya,fully_match,No,yes|yes|yes,True|True|True,2013|2013|2013,17,17,0,
Kenya_2015-09-23_dsa.json,Kenya_2015-09-23.pdf,Kenya,fully_match,No,yes|yes|yes,True|True|True,2014|2014|2014,17,17,0,
Kingdom of Lesotho_2011-04-11_dsa.json,Kingdom of Lesotho_2011-04-11.pdf,Kingdom Of Lesotho,no_table_in_all_runs,Yes,yes|yes|yes,False|False|False,||,0,0,0,
Kingdom of Lesotho_2012-05-11_dsa.json,Kingdom of Lesotho_2012-05-11.pdf,Kingdom Of Lesotho,fully_match,No,yes|yes|yes,True|True|True,2010|2010|2010,17,17,0,
Kingdom of Lesotho_2014-07-11_dsa.json,Kingdom of Lesotho_2014-07-11.pdf,Kingdom Of Lesotho,fully_match,No,yes|yes|yes,True|True|True,2013|2013|2013,17,17,0,
Kingdom of Swaziland_2011-01-24_dsa.json,Kingdom of Swaziland_2011-01-24.pdf,Kingdom Of Swaziland,table_found_differs,Yes,yes|yes|yes,True|False|False,2009||,15,0,15,
Kingdom of Swaziland_2011-04-08_dsa.json,Kingdom of Swaziland_2011-04-08.pdf,Kingdom Of Swaziland,no_table_in_all_runs,Yes,yes|yes|yes,False|False|False,||,0,0,0,
Kingdom of Swaziland_2012-02-08_dsa.json,Kingdom of Swaziland_2012-02-08.pdf,Kingdom Of Swaziland,no_table_in_all_runs,Yes,yes|yes|yes,False|False|False,||,0,0,0,
Kingdom of Swaziland_2014-07-23_dsa.json,Kingdom of Swaziland_2014-07-23.pdf,Kingdom Of Swaziland,fully_match,No,yes|yes|yes,True|True|True,2013|2013|2013,15,15,0,
Kingdom of Swaziland_2015-12-23_dsa.json,Kingdom of Swaziland_2015-12-23.pdf,Kingdom Of Swaziland,fully_match,No,yes|yes|yes,True|True|True,2014|2014|2014,15,15,0,
Kingdom of the Netherlands_2011-06-21_dsa.json,Kingdom of the Netherlands_2011-06-21.pdf,Kingdom Of The Netherlands—Netherlands,no_table_in_all_runs,Yes,yes|yes|yes,False|False|False,||,0,0,0,
Kingdom of the Netherlands_2013-08-09_dsa.json,Kingdom of the Netherlands_2013-08-09.pdf,Kingdom Of The Netherlands—Aruba,table_found_differs,Yes,yes|yes|yes,True|False|False,2012||,15,0,15,
Kingdom of the Netherlands—Aruba_2015-05-07_dsa.json,Kingdom of the Netherlands—Aruba_2015-05-07.pdf,Kingdom Of The Netherlands—Aruba,fully_match,No,yes|yes|yes,True|True|True,2013|2013|2013,15,15,0,
Kingdom of the Netherlands—Netherlands_2014-12-05_dsa.json,Kingdom of the Netherlands—Netherlands_2014-12-05.pdf,Kingdom Of The Netherlands—Netherlands,fully_match,No,yes|yes|yes,True|True|True,2013|2013|2013,15,15,0,
Kiribati_2011-05-24_dsa.json,Kiribati_2011-05-24.pdf,Kiribati,fully_match,No,yes|yes|yes,True|True|True,2009|2009|2009,17,17,0,
Kiribati_2014-05-27_dsa.json,Kiribati_2014-05-27.pdf,Kiribati,fully_match,No,yes|yes|yes,True|True|True,2013|2013|2013,17,17,0,
Kiribati_2015-07-29_dsa.json,Kiribati_2015-07-29.pdf,Kiribati,fully_match,No,yes|yes|yes,True|True|True,2014|2014|2014,17,17,0,
Kuwait_2011-08-01_dsa.json,Kuwait_2011-08-01.pdf,Kuwait,no_table_in_all_runs,Yes,yes|yes|yes,False|False|False,||,0,0,0,
Kuwait_2012-06-18_dsa.json,Kuwait_2012-06-18.pdf,Kuwait,no_table_in_all_runs,Yes,yes|yes|yes,False|False|False,||,0,0,0,
Kuwait_2014-12-09_dsa.json,Kuwait_2014-12-09.pdf,Kuwait,fully_match,No,yes|yes|yes,True|True|True,2013|2013|2013,15,15,0,
Kuwait_2015-12-02_dsa.json,Kuwait_2015-12-02.pdf,Kuwait,fully_match,No,yes|yes|yes,True|True|True,2014|2014|2014,15,15,0,
Kyrgyz Republic_2011-12-14_dsa.json,Kyrgyz Republic_2011-12-14.pdf,Kyrgyz Republic,no_table_in_all_runs,Yes,yes|yes|yes,False|False|False,||,0,0,0,
Kyrgyz Republic_2012-05-15_dsa.json,Kyrgyz Republic_2012-05-15.pdf,Kyrgyz Republic,no_table_in_all_runs,Yes,yes|yes|yes,False|False|False,||,0,0,0,
Kyrgyz Republic_2012-12-12_dsa.json,Kyrgyz Republic_2012-12-12.pdf,Kyrgyz Republic,fully_match,No,yes|yes|yes,True|True|True,2011|2011|2011,16,16,0,
Kyrgyz Republic_2013-06-25_dsa.json,Kyrgyz Republic_2013-06-25.pdf,Kyrgyz Republic,no_table_in_all_runs,Yes,yes|yes|yes,False|False|False,||,0,0,0,
Lao People's Democratic Republic_2011-02-07_dsa.json,Lao People's Democratic Republic_2011-02-07.pdf,Lao People’S Democratic Republic,fully_match,No,yes|yes|yes,True|True|True,2009|2009|2009,17,17,0,
Lao People's Democratic Republic_2011-08-19_dsa.json,Lao People's Democratic Republic_2011-08-19.pdf,Lao People’S Democratic Republic,fully_match,No,yes|yes|yes,True|True|True,2010|2010|2010,17,17,0,
Lao People's Democratic Republic_2012-10-18_dsa.json,Lao People's Democratic Republic_2012-10-18.pdf,Lao People'S Democratic Republic,fully_match,No,yes|yes|yes,True|True|True,2011|2011|2011,17,17,0,
Lao People's Democratic Republic_2013-12-20_dsa.json,Lao People's Democratic Republic_2013-12-20.pdf,Lao People'S Democratic Republic,fully_match,No,yes|yes|yes,True|True|True,2012|2012|2012,17,17,0,
Lebanon_2012-02-09_dsa.json,Lebanon_2012-02-09.pdf,Lebanon,fully_match,No,yes|yes|yes,True|True|True,2010|2010|2010,9,9,0,
Lebanon_2014-07-31_dsa.json,Lebanon_2014-07-31.pdf,Lebanon,fully_match,No,yes|yes|yes,True|True|True,2013|2013|2013,15,15,0,
Lebanon_2015-07-17_dsa.json,Lebanon_2015-07-17.pdf,Lebanon,fully_match,No,yes|yes|yes,True|True|True,2014|2014|2014,15,15,0,
Liberia_2011-07-13_dsa.json,Liberia_2011-07-13.pdf,Liberia,fully_match,No,yes|yes|yes,True|True|True,||,17,17,0,
Liberia_2012-05-22_dsa.json,Liberia_2012-05-22.pdf,Liberia,no_table_in_all_runs,Yes,yes|yes|yes,False|False|False,||,0,0,0,
Liberia_2015-11-09_dsa.json,Liberia_2015-11-09.pdf,Liberia,no_table_in_all_runs,Yes,yes|yes|yes,False|False|False,||,0,0,0,
Libya_2013-05-31_dsa.json,Libya_2013-05-31.pdf,Libya,no_table_in_all_runs,Yes,yes|yes|yes,False|False|False,||,0,0,0,
Luxembourg_2011-05-17_dsa.json,Luxembourg_2011-05-17.pdf,Luxembourg,no_table_in_all_runs,Yes,yes|yes|yes,False|False|False,||,0,0,0,
Luxembourg_2012-07-03_dsa.json,Luxembourg_2012-07-03.pdf,Luxembourg,no_table_in_all_runs,Yes,yes|yes|yes,False|False|False,||,0,0,0,
Luxembourg_2014-05-09_dsa.json,Luxembourg_2014-05-09.pdf,Luxembourg,fully_match,No,yes|yes|yes,True|True|True,2013|2013|2013,15,15,0,
Luxembourg_2015-06-08_dsa.json,Luxembourg_2015-06-08.pdf,Luxembourg,fully_match,No,yes|yes|yes,True|True|True,2014|2014|2014,15,15,0,
Malawi_2013-05-20_dsa.json,Malawi_2013-05-20.pdf,Malawi,no_table_in_all_runs,Yes,yes|yes|yes,False|False|False,||,0,0,0,
Malawi_2014-02-07_dsa.json,Malawi_2014-02-07.pdf,Malawi,fully_match,No,yes|yes|yes,True|True|True,2012|2012|2012,17,17,0,
Malawi_2015-12-18_dsa.json,Malawi_2015-12-18.pdf,Malawi,no_table_in_all_runs,Yes,yes|yes|yes,False|False|False,||,0,0,0,
Malaysia_2012-02-10_dsa.json,Malaysia_2012-02-10.pdf,Malaysia,fully_match,No,yes|yes|yes,True|True|True,2010|2010|2010,15,15,0,
Malaysia_2014-03-14_dsa.json,Malaysia_2014-03-14.pdf,Malaysia,partial_match,Yes,yes|yes|yes,True|True|True,2012|2012|2012,15,13,2,
Malaysia_2015-03-03_dsa.json,Malaysia_2015-03-03.pdf,Malaysia,partial_match,Yes,yes|yes|yes,True|True|True,2013|2013|2013,15,11,4,
Maldives_2011-09-26_dsa.json,Maldives_2011-09-26.pdf,Maldives,last_actual_year_differs,Yes,yes|yes|yes,True|True|True,2009|2008|2008,17,0,17,
Maldives_2015-03-11_dsa.json,Maldives_2015-03-11.pdf,Maldives,fully_match,No,yes|yes|yes,True|True|True,2013|2013|2013,17,17,0,
Mali_2011-02-04_dsa.json,Mali_2011-02-04.pdf,Mali,fully_match,No,yes|yes|yes,True|True|True,2009|2009|2009,17,17,0,
Mali_2011-06-17_dsa.json,Mali_2011-06-17.pdf,Mali,no_table_in_all_runs,Yes,yes|yes|yes,False|False|False,||,0,0,0,
Mali_2011-06-28_dsa.json,Mali_2011-06-28.pdf,Mali,no_table_in_all_runs,Yes,yes|yes|yes,False|False|False,||,0,0,0,
Mali_2012-01-04_dsa.json,Mali_2012-01-04.pdf,Mali,fully_match,No,yes|yes|yes,True|True|True,2010|2010|2010,17,17,0,
Mali_2013-02-26_dsa.json,Mali_2013-02-26.pdf,Mali,fully_match,No,yes|yes|yes,True|True|True,2011|2011|2011,17,17,0,
Mali_2013-06-21_dsa.json,Mali_2013-06-21.pdf,Mali,no_table_in_all_runs,Yes,yes|yes|yes,False|False|False,||,0,0,0,
Mali_2013-12-31_dsa.json,Mali_2013-12-31.pdf,Mali,fully_match,No,yes|yes|yes,True|True|True,2012|2012|2012,17,17,0,
Mali_2015-12-17_dsa.json,Mali_2015-12-17.pdf,Mali,fully_match,No,yes|yes|yes,True|True|True,2014|2014|2014,17,17,0,
Malta_2011-01-28_dsa.json,Malta_2011-01-28.pdf,Malta,fully_match,No,yes|yes|yes,True|True|True,2009|2009|2009,15,15,0,
Malta_2012-05-07_dsa.json,Malta_2012-05-07.pdf,Malta,last_actual_year_differs,Yes,yes|yes|yes,True|True|True,2011|2010|2011,15,0,15,
Malta_2015-02-26_dsa.json,Malta_2015-02-26.pdf,Malta,fully_match,No,yes|yes|yes,True|True|True,2014|2014|2014,15,15,0,
Mauritius_2011-05-04_dsa.json,Mauritius_2011-05-04.pdf,Mauritius,table_found_differs,Yes,yes|yes|yes,True|False|True,2010||,15,0,15,
Mauritius_2012-03-23_dsa.json,Mauritius_2012-03-23.pdf,Mauritius,fully_match,No,yes|yes|yes,True|True|True,2011|2011|2011,15,15,0,
Mauritius_2014-05-05_dsa.json,Mauritius_2014-05-05.pdf,Mauritius,fully_match,No,yes|yes|yes,True|True|True,2013|2013|2013,12,12,0,
Mexico_2011-08-08_dsa.json,Mexico_2011-08-08.pdf,Mexico,fully_match,No,yes|yes|yes,True|True|True,2010|2010|2010,15,15,0,
Mexico_2012-11-28_dsa.json,Mexico_2012-11-28.pdf,Mexico,fully_match,No,yes|yes|yes,True|True|True,2011|2011|2011,15,15,0,
Mexico_2012-12-07_dsa.json,Mexico_2012-12-07.pdf,Mexico,table_found_differs,Yes,yes|yes|yes,True|False|False,2011||,15,0,15,
Mexico_2013-11-26_dsa.json,Mexico_2013-11-26.pdf,Mexico,fully_match,No,yes|yes|yes,True|True|True,2012|2012|2012,15,15,0,
Mexico_2014-11-12_dsa.json,Mexico_2014-11-12.pdf,Mexico,partial_match,Yes,yes|yes|yes,True|True|True,2013|2013|2013,15,13,2,
Mexico_2015-11-17_dsa.json,Mexico_2015-11-17.pdf,Mexico,partial_match,Yes,yes|yes|yes,True|True|True,2014|2014|2014,15,13,2,
Mexico_2015-11-24_dsa.json,Mexico_2015-11-24.pdf,Mexico,no_table_in_all_runs,Yes,yes|yes|yes,False|False|False,||,0,0,0,
Mongolia_2011-03-30_dsa.json,Mongolia_2011-03-30.pdf,Mongolia,fully_match,No,yes|yes|yes,True|True|True,2009|2009|2009,17,17,0,
Mongolia_2014-03-06_dsa.json,Mongolia_2014-03-06.pdf,Mongolia,fully_match,No,yes|yes|yes,True|True|True,2012|2012|2012,17,17,0,
Montenegro_2011-05-06_dsa.json,Montenegro_2011-05-06.pdf,Montenegro,fully_match,No,yes|yes|yes,True|True|True,2010|2010|2010,15,15,0,
Montenegro_2012-05-23_dsa.json,Montenegro_2012-05-23.pdf,Montenegro,fully_match,No,yes|yes|yes,True|True|True,2011|2011|2011,15,15,0,
Montenegro_2015-02-04_dsa.json,Montenegro_2015-02-04.pdf,Montenegro,fully_match,No,yes|yes|yes,True|True|True,2013|2013|2013,15,15,0,
Morocco_2011-12-02_dsa.json,Morocco_2011-12-02.pdf,Morocco,table_found_differs,Yes,yes|yes|yes,True|False|False,2010||,15,0,15,
Morocco_2012-08-13_dsa.json,Morocco_2012-08-13.pdf,Morocco,fully_match,No,yes|yes|yes,True|True|True,2011|2011|2011,14,14,0,
Morocco_2013-04-05_dsa.json,Morocco_2013-04-05.pdf,Morocco,fully_match,No,yes|yes|yes,True|True|True,2011|2011|2011,15,15,0,
Morocco_2014-03-06_dsa.json,Morocco_2014-03-06.pdf,Morocco,no_table_in_all_runs,Yes,yes|yes|yes,False|False|False,||,0,0,0,
Morocco_2015-02-23_dsa.json,Morocco_2015-02-23.pdf,Morocco,partial_match,Yes,yes|yes|yes,True|True|True,2013|2013|2013,16,14,2,
Morocco_2015-07-30_dsa.json,Morocco_2015-07-30.pdf,Morocco,fully_match,No,yes|yes|yes,True|True|True,2014|2014|2014,15,15,0,
Myanmar_2012-05-07_dsa.json,Myanmar_2012-05-07.pdf,Myanmar,last_actual_year_differs,Yes,yes|yes|yes,True|True|True,2010|2010|2009,17,0,17,
Myanmar_2014-03-28_dsa.json,Myanmar_2014-03-28.pdf,Myanmar,fully_match,No,yes|yes|yes,True|True|True,2013|2013|2013,17,17,0,
Myanmar_2014-10-06_dsa.json,Myanmar_2014-10-06.pdf,Myanmar,last_actual_year_differs,Yes,yes|yes|yes,True|True|True,2014|2013|2013,17,0,17,
Namibia_2012-02-10_dsa.json,Namibia_2012-02-10.pdf,Namibia,fully_match,No,yes|yes|yes,True|True|True,2010|2010|2010,15,15,0,
Namibia_2014-02-10_dsa.json,Namibia_2014-02-10.pdf,Namibia,fully_match,No,yes|yes|yes,True|True|True,2012|2012|2012,15,15,0,
Namibia_2015-10-01_dsa.json,Namibia_2015-10-01.pdf,Namibia,last_actual_year_differs,Yes,yes|yes|yes,True|True|True,2013|2014|2013,15,0,15,
Nepal_2011-11-09_dsa.json,Nepal_2011-11-09.pdf,Nepal,fully_match,No,yes|yes|yes,True|True|True,2010|2010|2010,17,17,0,
Nepal_2012-12-06_dsa.json,Nepal_2012-12-06.pdf,Nepal,fully_match,No,yes|yes|yes,True|True|True,2011|2011|2011,17,17,0,
Nepal_2014-07-18_dsa.json,Nepal_2014-07-18.pdf,Nepal,last_actual_year_differs,Yes,yes|yes|yes,True|True|True,2013|2012|2013,17,0,17,
Nepal_2015-11-18_dsa.json,Nepal_2015-11-18.pdf,Nepal,no_table_in_all_runs,Yes,yes|yes|yes,False|False|False,||,0,0,0,
New Zealand_2011-05-09_dsa.json,New Zealand_2011-05-09.pdf,New Zealand,no_table_in_all_runs,Yes,yes|yes|yes,False|False|False,||,0,0,0,
New Zealand_2012-06-07_dsa.json,New Zealand_2012-06-07.pdf,New Zealand,no_table_in_all_runs,Yes,yes|yes|yes,False|False|False,||,0,0,0,
New Zealand_2014-06-09_dsa.json,New Zealand_2014-06-09.pdf,New Zealand,fully_match,No,yes|yes|yes,True|True|True,2012|2012|2012,15,15,0,
Nicaragua_2011-05-26_dsa.json,Nicaragua_2011-05-26.pdf,Nicaragua,no_table_in_all_runs,Yes,yes|yes|yes,False|False|False,||,0,0,0,
Nicaragua_2013-12-27_dsa.json,Nicaragua_2013-12-27.pdf,Nicaragua,last_actual_year_differs,Yes,yes|yes|yes,True|True|True,2012|2012|2011,17,0,17,
Niger_2011-12-19_dsa.json,Niger_2011-12-19.pdf,Niger,fully_match,No,yes|yes|yes,True|True|True,2010|2010|2010,17,17,0,
Niger_2012-05-14_dsa.json,Niger_2012-05-14.pdf,Niger,no_table_in_all_runs,Yes,yes|yes|yes,False|False|False,||,0,0,0,
Niger_2013-04-30_dsa.json,Niger_2013-04-30.pdf,Niger,fully_match,No,yes|yes|yes,True|True|True,2011|2011|2011,17,17,0,
Niger_2015-03-11_dsa.json,Niger_2015-03-11.pdf,Niger,last_actual_year_differs,Yes,yes|yes|yes,True|True|True,2013|2013|2012,17,0,17,
Niger_2015-12-17_dsa.json,Niger_2015-12-17.pdf,Niger,fully_match,No,yes|yes|yes,True|True|True,2014|2014|2014,17,17,0,
Nigeria_2011-02-28_dsa.json,Nigeria_2011-02-28.pdf,Nigeria,fully_match,No,yes|yes|yes,True|True|True,2009|2009|2009,17,17,0,
Nigeria_2012-07-24_dsa.json,Nigeria_2012-07-24.pdf,Nigeria,fully_match,No,yes|yes|yes,True|True|True,2010|2010|2010,17,17,0,
Nigeria_2014-04-22_dsa.json,Nigeria_2014-04-22.pdf,Nigeria,fully_match,No,yes|yes|yes,True|True|True,2012|2012|2012,17,17,0,
Nigeria_2015-03-30_dsa.json,Nigeria_2015-03-30.pdf,Nigeria,fully_match,No,yes|yes|yes,True|True|True,2013|2013|2013,17,17,0,
Norway_2012-02-02_dsa.json,Norway_2012-02-02.pdf,Norway,no_table_in_all_runs,Yes,yes|yes|yes,False|False|False,||,0,0,0,
Norway_2014-08-29_dsa.json,Norway_2014-08-29.pdf,Norway,fully_match,No,yes|yes|yes,True|True|True,2013|2013|2013,15,15,0,
Norway_2015-09-09_dsa.json,Norway_2015-09-09.pdf,Norway,fully_match,No,yes|yes|yes,True|True|True,2014|2014|2014,15,15,0,
Pakistan_2012-02-07_dsa.json,Pakistan_2012-02-07.pdf,Pakistan,table_found_differs,Yes,yes|yes|yes,True|False|False,2011||,15,0,15,
Pakistan_2014-01-03_dsa.json,Pakistan_2014-01-03.pdf,Pakistan,fully_match,No,yes|yes|yes,True|True|True,2012|2012|2012,15,15,0,
Pakistan_2015-04-07_dsa.json,Pakistan_2015-04-07.pdf,Pakistan,fully_match,No,yes|yes|yes,True|True|True,2013|2013|2013,15,15,0,
Pakistan_2015-10-06_dsa.json,Pakistan_2015-10-06.pdf,Pakistan,no_table_in_all_runs,Yes,yes|yes|yes,False|False|False,||,0,0,0,
Panama_2012-04-10_dsa.json,Panama_2012-04-10.pdf,Panama,fully_match,No,yes|yes|yes,True|True|True,2010|2010|2010,15,15,0,
Panama_2014-06-09_dsa.json,Panama_2014-06-09.pdf,Panama,fully_match,No,yes|yes|yes,True|True|True,2013|2013|2013,15,15,0,
Panama_2015-08-19_dsa.json,Panama_2015-08-19.pdf,Panama,fully_match,No,yes|yes|yes,True|True|True,2014|2014|2014,15,15,0,
Papua New Guinea_2013-12-03_dsa.json,Papua New Guinea_2013-12-03.pdf,Papua New Guinea,fully_match,No,yes|yes|yes,True|True|True,2012|2012|2012,17,17,0,
Papua New Guinea_2014-12-02_dsa.json,Papua New Guinea_2014-12-02.pdf,Papua New Guinea,fully_match,No,yes|yes|yes,True|True|True,2013|2013|2013,17,17,0,
Paraguay_2011-08-02_dsa.json,Paraguay_2011-08-02.pdf,Paraguay,fully_match,No,yes|yes|yes,True|True|True,2010|2010|2010,15,15,0,
Paraguay_2012-08-01_dsa.json,Paraguay_2012-08-01.pdf,Paraguay,fully_match,No,yes|yes|yes,True|True|True,2010|2010|2010,15,15,0,
Paraguay_2014-02-21_dsa.json,Paraguay_2014-02-21.pdf,Paraguay,fully_match,No,yes|yes|yes,True|True|True,2012|2012|2012,15,15,0,
Paraguay_2015-02-20_dsa.json,Paraguay_2015-02-20.pdf,Paraguay,fully_match,No,yes|yes|yes,True|True|True,2013|2013|2013,13,13,0,
People's Republic of China_2012-07-24_dsa.json,People's Republic of China_2012-07-24.pdf,People'S Republic Of China,partial_match,Yes,yes|yes|yes,True|True|True,2011|2011|2011,17,15,2,
People’s Republic of China_2014-07-30_dsa.json,People’s Republic of China_2014-07-30.pdf,People’S Republic Of China,fully_match,No,yes|yes|yes,True|True|True,2013|2013|2013,15,15,0,
People’s Republic of China_2015-08-14_dsa.json,People’s Republic of China_2015-08-14.pdf,People’S Republic Of China,fully_match,No,yes|yes|yes,True|True|True,2014|2014|2014,15,15,0,
People’s Republic of China—Hong Kong Special Administrative Region_2014-05-22_dsa.json,People’s Republic of China—Hong Kong Special Administrative Region_2014-05-22.pdf,People’S Republic Of China—Hong Kong Special Administrative Region,no_table_in_all_runs,Yes,yes|yes|yes,False|False|False,||,0,0,0,
People’s Republic of China—Macao Special Administrative Region_2014-07-24_dsa.json,People’s Republic of China—Macao Special Administrative Region_2014-07-24.pdf,People'S Republic Of China––Macao Special Administrative Region,no_table_in_all_runs,Yes,yes|yes|yes,False|False|False,||,0,0,0,
Peru_2012-02-01_dsa.json,Peru_2012-02-01.pdf,Peru,fully_match,No,yes|yes|yes,True|True|True,2010|2010|2010,15,15,0,
Peru_2014-01-29_dsa.json,Peru_2014-01-29.pdf,Peru,fully_match,No,yes|yes|yes,True|True|True,2012|2012|2012,15,15,0,
Peru_2015-05-27_dsa.json,Peru_2015-05-27.pdf,Peru,fully_match,No,yes|yes|yes,True|True|True,2013|2013|2013,15,15,0,
Philippines_2011-03-01_dsa.json,Philippines_2011-03-01.pdf,Philippines,fully_match,No,yes|yes|yes,True|True|True,2009|2009|2009,15,15,0,
Philippines_2012-03-05_dsa.json,Philippines_2012-03-05.pdf,The Philippines,fully_match,No,yes|yes|yes,True|True|True,2010|2010|2010,15,15,0,
Philippines_2014-08-08_dsa.json,Philippines_2014-08-08.pdf,Philippines,fully_match,No,yes|yes|yes,True|True|True,2013|2013|2013,15,15,0,
Philippines_2015-09-04_dsa.json,Philippines_2015-09-04.pdf,Philippines,fully_match,No,yes|yes|yes,True|True|True,2014|2014|2014,15,15,0,
Portugal_2012-04-05_dsa.json,Portugal_2012-04-05.pdf,Portugal,table_found_differs,Yes,yes|yes|yes,True|False|False,2011||,15,0,15,
Portugal_2012-07-17_dsa.json,Portugal_2012-07-17.pdf,Portugal,table_found_differs,Yes,yes|yes|yes,True|False|False,2011||,15,0,15,
Portugal_2012-10-25_dsa.json,Portugal_2012-10-25.pdf,Portugal,table_found_differs,Yes,yes|yes|yes,True|False|False,2011||,15,0,15,
Portugal_2013-01-18_dsa.json,Portugal_2013-01-18.pdf,Portugal,table_found_differs,Yes,yes|yes|yes,True|True|False,2011||,15,0,15,
Portugal_2013-06-13_dsa.json,Portugal_2013-06-13.pdf,Portugal,fully_match,No,yes|yes|yes,True|True|True,2011|2011|2011,13,13,0,
Portugal_2015-05-18_dsa.json,Portugal_2015-05-18.pdf,Portugal,fully_match,No,yes|yes|yes,True|True|True,2013|2013|2013,14,14,0,
Qatar_2011-03-09_dsa.json,Qatar_2011-03-09.pdf,Qatar,no_table_in_all_runs,Yes,yes|yes|yes,False|False|False,||,0,0,0,
Qatar_2012-01-31_dsa.json,Qatar_2012-01-31.pdf,Qatar,no_table_in_all_runs,Yes,yes|yes|yes,False|False|False,||,0,0,0,
Qatar_2014-05-06_dsa.json,Qatar_2014-05-06.pdf,Qatar,fully_match,No,yes|yes|yes,True|True|True,2013|2013|2013,15,15,0,
Qatar_2015-04-02_dsa.json,Qatar_2015-04-02.pdf,Qatar,fully_match,No,yes|yes|yes,True|True|True,2014|2014|2014,15,15,0,
Republic of Armenia_2011-07-13_dsa.json,Republic of Armenia_2011-07-13.pdf,Republic Of Armenia,no_table_in_all_runs,Yes,yes|yes|yes,False|False|False,||,0,0,0,
Republic of Armenia_2011-12-22_dsa.json,Republic of Armenia_2011-12-22.pdf,Republic Of Armenia,fully_match,No,yes|yes|yes,True|True|True,2010|2010|2010,17,17,0,
Republic of Armenia_2012-06-26_dsa.json,Republic of Armenia_2012-06-26.pdf,Republic Of Armenia,no_table_in_all_runs,Yes,yes|yes|yes,False|False|False,||,0,0,0,
Republic of Armenia_2013-02-05_dsa.json,Republic of Armenia_2013-02-05.pdf,Republic Of Armenia,fully_match,No,yes|yes|yes,True|True|True,2011|2011|2011,17,17,0,
Republic of Armenia_2015-03-11_dsa.json,Republic of Armenia_2015-03-11.pdf,Republic Of Armenia,fully_match,No,yes|yes|yes,True|True|True,2013|2013|2013,15,15,0,
Republic of Armenia_2015-11-19_dsa.json,Republic of Armenia_2015-11-19.pdf,Republic Of Armenia,partial_match,Yes,yes|yes|yes,True|True|True,2014|2014|2014,15,13,2,
Republic of Azerbaijan_2012-01-18_dsa.json,Republic of Azerbaijan_2012-01-18.pdf,Republic Of Azerbaijan,fully_match,No,yes|yes|yes,True|True|True,2010|2010|2010,15,15,0,
Republic of Azerbaijan_2014-06-11_dsa.json,Republic of Azerbaijan_2014-06-11.pdf,Republic Of Azerbaijan,fully_match,No,yes|yes|yes,True|True|True,2012|2012|2012,15,15,0,
Republic of Belarus_2011-03-09_dsa.json,Republic of Belarus_2011-03-09.pdf,Republic Of Belarus,fully_match,No,yes|yes|yes,True|True|True,2010|2010|2010,15,15,0,
Republic of Belarus_2012-05-17_dsa.json,Republic of Belarus_2012-05-17.pdf,Republic Of Belarus,fully_match,No,yes|yes|yes,True|True|True,2011|2011|2011,15,15,0,
Republic of Belarus_2014-07-25_dsa.json,Republic of Belarus_2014-07-25.pdf,Republic Of Belarus,fully_match,No,yes|yes|yes,True|True|True,2013|2013|2013,15,15,0,
Republic of Belarus_2015-05-29_dsa.json,Republic of Belarus_2015-05-29.pdf,Republic Of Belarus,partial_match,Yes,yes|yes|yes,True|True|True,2014|2014|2014,15,14,1,
Republic of Congo_2011-03-03_dsa.json,Republic of Congo_2011-03-03.pdf,Republic Of Congo,no_table_in_all_runs,Yes,yes|yes|yes,False|False|False,||,0,0,0,
Republic of Congo_2011-03-15_dsa.json,Republic of Congo_2011-03-15.pdf,Republic Of Congo,no_table_in_all_runs,Yes,yes|yes|yes,False|False|False,||,0,0,0,
Republic of Congo_2011-08-17_dsa.json,Republic of Congo_2011-08-17.pdf,Republic Of Congo,last_actual_year_differs,Yes,yes|yes|yes,True|True|True,2010|2009|2009,17,0,17,
Republic of Congo_2012-10-12_dsa.json,Republic of Congo_2012-10-12.pdf,Republic Of Congo,no_table_in_all_runs,Yes,yes|yes|yes,False|False|False,||,0,0,0,
Republic of Congo_2015-09-16_dsa.json,Republic of Congo_2015-09-16.pdf,Republic Of Congo,fully_match,No,yes|yes|yes,True|True|True,2014|2014|2014,17,17,0,
Republic of Croatia_2011-07-01_dsa.json,Republic of Croatia_2011-07-01.pdf,Republic Of Croatia,fully_match,No,yes|yes|yes,True|True|True,2010|2010|2010,15,15,0,
Republic of Croatia_2014-05-19_dsa.json,Republic of Croatia_2014-05-19.pdf,Republic Of Croatia,fully_match,No,yes|yes|yes,True|True|True,2013|2013|2013,15,15,0,
Republic of Croatia_2015-07-02_dsa.json,Republic of Croatia_2015-07-02.pdf,Republic Of Croatia,fully_match,No,yes|yes|yes,True|True|True,2014|2014|2014,8,8,0,
Republic of Equatorial Guinea_2013-03-28_dsa.json,Republic of Equatorial Guinea_2013-03-28.pdf,Republic Of Equatorial Guinea,no_table_in_all_runs,Yes,yes|yes|yes,False|False|False,||,0,0,0,
Republic of Equatorial Guinea_2015-09-15_dsa.json,Republic of Equatorial Guinea_2015-09-15.pdf,Republic Of Equatorial Guinea,fully_match,No,yes|yes|yes,True|True|True,2014|2014|2014,15,15,0,
Republic of Estonia_2011-02-02_dsa.json,Republic of Estonia_2011-02-02.pdf,Republic Of Estonia,no_table_in_all_runs,Yes,yes|yes|yes,False|False|False,||,0,0,0,
Republic of Estonia_2011-11-29_dsa.json,Republic of Estonia_2011-11-29.pdf,Republic Of Estonia,no_table_in_all_runs,Yes,yes|yes|yes,False|False|False,||,0,0,0,
Republic of Estonia_2014-05-08_dsa.json,Republic of Estonia_2014-05-08.pdf,Republic Of Estonia,fully_match,No,yes|yes|yes,True|True|True,2012|2012|2012,15,15,0,
Republic of Estonia_2015-12-14_dsa.json,Republic of Estonia_2015-12-14.pdf,Republic Of Estonia,fully_match,No,yes|yes|yes,True|True|True,2014|2014|2014,13,13,0,
Republic of Fiji_2011-04-08_dsa.json,Republic of Fiji_2011-04-08.pdf,Republic Of Fiji,table_found_differs,Yes,yes|yes|yes,True|False|False,2009||,15,0,15,
Republic of Fiji_2013-12-20_dsa.json,Republic of Fiji_2013-12-20.pdf,Republic Of Fiji,fully_match,No,yes|yes|yes,True|True|True,2012|2012|2012,15,15,0,
Republic of Fiji_2014-11-12_dsa.json,Republic of Fiji_2014-11-12.pdf,Republic Of Fiji,fully_match,No,yes|yes|yes,True|True|True,2013|2013|2013,15,15,0,
Republic of Kazakhstan_2011-06-28_dsa.json,Republic of Kazakhstan_2011-06-28.pdf,Republic Of Kazakhstan,fully_match,No,yes|yes|yes,True|True|True,2010|2010|2010,15,15,0,
Republic of Kazakhstan_2012-07-05_dsa.json,Republic of Kazakhstan_2012-07-05.pdf,Republic Of Kazakhstan,fully_match,No,yes|yes|yes,True|True|True,2011|2011|2011,15,15,0,
Republic of Kazakhstan_2014-08-05_dsa.json,Republic of Kazakhstan_2014-08-05.pdf,Republic Of Kazakhstan,fully_match,No,yes|yes|yes,True|True|True,2013|2013|2013,15,15,0,
Republic of Kazakhstan_2015-09-03_dsa.json,Republic of Kazakhstan_2015-09-03.pdf,Republic Of Kazakhstan,fully_match,No,yes|yes|yes,True|True|True,2014|2014|2014,15,15,0,
Republic of Korea_2011-08-04_dsa.json,Republic of Korea_2011-08-04.pdf,Republic Of Korea,no_table_in_all_runs,Yes,yes|yes|yes,False|False|False,||,0,0,0,
Republic of Korea_2012-09-20_dsa.json,Republic of Korea_2012-09-20.pdf,Republic Of Korea,no_table_in_all_runs,Yes,yes|yes|yes,False|False|False,||,0,0,0,
Republic of Korea_2014-04-17_dsa.json,Republic of Korea_2014-04-17.pdf,Republic Of Korea,fully_match,No,yes|yes|yes,True|True|True,2012|2012|2012,15,15,0,
Republic of Korea_2015-05-22_dsa.json,Republic of Korea_2015-05-22.pdf,Republic Of Korea,fully_match,No,yes|yes|yes,True|True|True,2013|2013|2013,15,15,0,
Republic of Kosovo_2011-08-01_dsa.json,Republic of Kosovo_2011-08-01.pdf,Republic Of Kosovo,last_actual_year_differs,Yes,yes|yes|yes,True|True|True,2010|2009|2009,17,0,17,
Republic of Kosovo_2011-12-30_dsa.json,Republic of Kosovo_2011-12-30.pdf,Republic Of Kosovo,fully_match,No,yes|yes|yes,True|True|True,2010|2010|2010,17,17,0,
Republic of Kosovo_2012-07-17_dsa.json,Republic of Kosovo_2012-07-17.pdf,Republic Of Kosovo,fully_match,No,yes|yes|yes,True|True|True,2011|2011|2011,17,17,0,
Republic of Kosovo_2015-05-21_dsa.json,Republic of Kosovo_2015-05-21.pdf,Republic Of Kosovo,fully_match,No,yes|yes|yes,True|True|True,2014|2014|2014,14,14,0,
Republic of Kosovo_2015-07-31_dsa.json,Republic of Kosovo_2015-07-31.pdf,Republic Of Kosovo,fully_match,No,yes|yes|yes,True|True|True,2014|2014|2014,14,14,0,
Republic of Latvia_2014-05-08_dsa.json,Republic of Latvia_2014-05-08.pdf,Republic Of Latvia,fully_match,No,yes|yes|yes,True|True|True,2013|2013|2013,15,15,0,
Republic of Latvia_2015-05-04_dsa.json,Republic of Latvia_2015-05-04.pdf,Republic Of Latvia,fully_match,No,yes|yes|yes,True|True|True,2014|2014|2014,15,15,0,
Republic of Lithuania_2013-03-28_dsa.json,Republic of Lithuania_2013-03-28.pdf,Republic Of Lithuania,last_actual_year_differs,Yes,yes|yes|yes,True|True|True,2011|2012|2011,15,0,15,
Republic of Lithuania_2014-05-08_dsa.json,Republic of Lithuania_2014-05-08.pdf,Republic Of Lithuania,fully_match,No,yes|yes|yes,True|True|True,2013|2013|2013,15,15,0,
Republic of Lithuania_2015-06-01_dsa.json,Republic of Lithuania_2015-06-01.pdf,Republic Of Lithuania,fully_match,No,yes|yes|yes,True|True|True,2014|2014|2014,15,15,0,
Republic of Madagascar_2015-01-30_dsa.json,Republic of Madagascar_2015-01-30.pdf,Republic Of Madagascar,no_table_in_all_runs,Yes,yes|yes|yes,False|False|False,||,0,0,0,
Republic of Madagascar_2015-12-01_dsa.json,Republic of Madagascar_2015-12-01.pdf,Republic Of Madagascar,fully_match,No,yes|yes|yes,True|True|True,2014|2014|2014,17,17,0,
Republic of Moldova_2011-04-15_dsa.json,Republic of Moldova_2011-04-15.pdf,Republic Of Moldova,no_table_in_all_runs,Yes,yes|yes|yes,False|False|False,||,0,0,0,
Republic of Moldova_2012-02-09_dsa.json,Republic of Moldova_2012-02-09.pdf,Republic Of Moldova,no_table_in_all_runs,Yes,yes|yes|yes,False|False|False,||,0,0,0,
Republic of Moldova_2012-10-22_dsa.json,Republic of Moldova_2012-10-22.pdf,Republic Of Moldova,table_found_differs,Yes,yes|yes|yes,True|False|False,2011||,17,0,17,
Republic of Moldova_2014-07-08_dsa.json,Republic of Moldova_2014-07-08.pdf,Republic Of Moldova,fully_match,No,yes|yes|yes,True|True|True,2012|2012|2012,17,17,0,
Republic of Mozambique_2011-12-12_dsa.json,Republic of Mozambique_2011-12-12.pdf,Republic Of Mozambique,no_table_in_all_runs,Yes,yes|yes|yes,False|False|False,||,0,0,0,
Republic of Mozambique_2012-06-15_dsa.json,Republic of Mozambique_2012-06-15.pdf,Republic Of Mozambique,last_actual_year_differs,Yes,yes|yes|yes,True|True|True,2011|2010|2010,17,0,17,
Republic of Mozambique_2013-07-09_dsa.json,Republic of Mozambique_2013-07-09.pdf,Republic Of Mozambique,fully_match,No,yes|yes|yes,True|True|True,2012|2012|2012,17,17,0,
Republic of Mozambique_2014-01-28_dsa.json,Republic of Mozambique_2014-01-28.pdf,Republic Of Mozambique,no_table_in_all_runs,Yes,yes|yes|yes,False|False|False,||,0,0,0,
Republic of Mozambique_2014-05-30_dsa.json,Republic of Mozambique_2014-05-30.pdf,Republic Of Mozambique,fully_match,No,yes|yes|yes,True|True|True,2013|2013|2013,17,17,0,
Republic of Mozambique_2015-08-04_dsa.json,Republic of Mozambique_2015-08-04.pdf,Republic Of Mozambique,fully_match,No,yes|yes|yes,True|True|True,2014|2014|2014,17,17,0,
Republic of Palau_2012-03-14_dsa.json,Republic of Palau_2012-03-14.pdf,Republic Of Palau,no_table_in_all_runs,Yes,yes|yes|yes,False|False|False,||,0,0,0,
Republic of Palau_2014-05-06_dsa.json,Republic of Palau_2014-05-06.pdf,Republic Of Palau,fully_match,No,yes|yes|yes,True|True|True,2013|2013|2013,15,15,0,
Republic of Poland_2011-01-21_dsa.json,Republic of Poland_2011-01-21.pdf,Republic Of Poland,table_found_differs,Yes,yes|yes|yes,True|False|False,2009||,15,0,15,
Republic of Poland_2011-07-08_dsa.json,Republic of Poland_2011-07-08.pdf,Republic Of Poland,table_found_differs,Yes,yes|yes|yes,True|True|False,2009||,15,0,15,
Republic of Poland_2012-01-25_dsa.json,Republic of Poland_2012-01-25.pdf,Republic Of Poland,table_found_differs,Yes,yes|yes|yes,True|False|False,2010||,15,0,15,
Republic of Poland_2012-07-05_dsa.json,Republic of Poland_2012-07-05.pdf,Republic Of Poland,table_found_differs,Yes,yes|yes|yes,True|False|False,2011||,15,0,15,
Republic of Poland_2013-01-24_dsa.json,Republic of Poland_2013-01-24.pdf,Republic Of Poland,table_found_differs,Yes,yes|yes|yes,True|False|False,2011||,15,0,15,
Republic of Poland_2014-06-26_dsa.json,Republic of Poland_2014-06-26.pdf,Republic Of Poland,fully_match,No,yes|yes|yes,True|True|True,2013|2013|2013,15,15,0,
Republic of Poland_2015-01-20_dsa.json,Republic of Poland_2015-01-20.pdf,Republic Of Poland,fully_match,No,yes|yes|yes,True|True|True,2013|2013|2013,15,15,0,
Republic of Poland_2015-07-14_dsa.json,Republic of Poland_2015-07-14.pdf,Republic Of Poland,fully_match,No,yes|yes|yes,True|True|True,2014|2014|2014,15,15,0,
Republic of San Marino_2011-03-30_dsa.json,Republic of San Marino_2011-03-30.pdf,Republic Of San Marino,fully_match,No,yes|yes|yes,True|True|True,2009|2009|2009,15,15,0,
Republic of San Marino_2014-04-29_dsa.json,Republic of San Marino_2014-04-29.pdf,Republic Of San Marino,fully_match,No,yes|yes|yes,True|True|True,2013|2013|2013,13,13,0,
Republic of San Marino_2015-04-08_dsa.json,Republic of San Marino_2015-04-08.pdf,Republic Of San Marino,partial_match,Yes,yes|yes|yes,True|True|True,2014|2014|2014,13,11,2,
Republic of Serbia_2011-07-27_dsa.json,Republic of Serbia_2011-07-27.pdf,Republic Of Serbia,no_table_in_all_runs,Yes,yes|yes|yes,False|False|False,||,0,0,0,
Republic of Serbia_2011-10-20_dsa.json,Republic of Serbia_2011-10-20.pdf,Republic Of Serbia,fully_match,No,yes|yes|yes,True|True|True,2010|2010|2010,15,15,0,
Republic of Serbia_2015-02-26_dsa.json,Republic of Serbia_2015-02-26.pdf,Republic Of Serbia,fully_match,No,yes|yes|yes,True|True|True,2014|2014|2014,15,15,0,
Republic of Serbia_2015-10-27_dsa.json,Republic of Serbia_2015-10-27.pdf,Republic Of Serbia,no_table_in_all_runs,Yes,yes|yes|yes,False|False|False,||,0,0,0,
Republic of Serbia_2015-12-18_dsa.json,Republic of Serbia_2015-12-18.pdf,Republic Of Serbia,no_table_in_all_runs,Yes,yes|yes|yes,False|False|False,||,0,0,0,
Republic of Slovenia_2011-05-31_dsa.json,Republic of Slovenia_2011-05-31.pdf,Republic Of Slovenia,table_found_differs,Yes,yes|yes|yes,True|False|False,2010||,15,0,15,
Republic of Slovenia_2012-11-29_dsa.json,Republic of Slovenia_2012-11-29.pdf,Republic Of Slovenia,fully_match,No,yes|yes|yes,True|True|True,2011|2011|2011,15,15,0,
Republic of Slovenia_2014-01-17_dsa.json,Republic of Slovenia_2014-01-17.pdf,Republic Of Slovenia,partial_match,Yes,yes|yes|yes,True|True|True,2012|2012|2012,15,12,3,
Republic of Slovenia_2015-02-19_dsa.json,Republic of Slovenia_2015-02-19.pdf,Republic Of Slovenia,fully_match,No,yes|yes|yes,True|True|True,2013|2013|2013,15,15,0,
Republic of South Sudan_2014-12-17_dsa.json,Republic of South Sudan_2014-12-17.pdf,Republic Of South Sudan,fully_match,No,yes|yes|yes,True|True|True,2013|2013|2013,17,17,0,
Republic of Tajikistan_2011-06-13_dsa.json,Republic of Tajikistan_2011-06-13.pdf,Republic Of Tajikistan,no_table_in_all_runs,Yes,yes|yes|yes,False|False|False,||,0,0,0,
Republic of Tajikistan_2012-02-07_dsa.json,Republic of Tajikistan_2012-02-07.pdf,Republic Of Tajikistan,no_table_in_all_runs,Yes,yes|yes|yes,False|False|False,||,0,0,0,
Republic of Tajikistan_2012-05-15_dsa.json,Republic of Tajikistan_2012-05-15.pdf,Republic Of Tajikistan,no_table_in_all_runs,Yes,yes|yes|yes,False|False|False,||,0,0,0,
Republic of the Marshall Islands_2011-12-02_dsa.json,Republic of the Marshall Islands_2011-12-02.pdf,Republic Of The Marshall Islands,no_table_in_all_runs,Yes,yes|yes|yes,False|False|False,||,0,0,0,
Republic of the Marshall Islands_2014-02-03_dsa.json,Republic of the Marshall Islands_2014-02-03.pdf,Republic Of The Marshall Islands,last_actual_year_differs,Yes,yes|yes|yes,True|True|True,2012|2011|2012,17,0,17,
Republic of Yemen_2014-09-24_dsa.json,Republic of Yemen_2014-09-24.pdf,Republic Of Yemen,fully_match,No,yes|yes|yes,True|True|True,2013|2013|2013,17,17,0,
Romania_2011-04-01_dsa.json,Romania_2011-04-01.pdf,Romania,fully_match,No,yes|yes|yes,True|True|True,2010|2010|2010,15,15,0,
Romania_2011-06-29_dsa.json,Romania_2011-06-29.pdf,Romania,table_found_differs,Yes,yes|yes|yes,True|False|False,2010||,15,0,15,
Romania_2011-10-05_dsa.json,Romania_2011-10-05.pdf,Romania,fully_match,No,yes|yes|yes,True|True|True,2010|2010|2010,15,15,0,
Romania_2012-01-23_dsa.json,Romania_2012-01-23.pdf,Romania,fully_match,No,yes|yes|yes,True|True|True,2010|2010|2010,15,15,0,
Romania_2012-04-02_dsa.json,Romania_2012-04-02.pdf,Romania,table_found_differs,Yes,yes|yes|yes,True|False|False,2011||,15,0,15,
Romania_2012-07-02_dsa.json,Romania_2012-07-02.pdf,Romania,table_found_differs,Yes,yes|yes|yes,True|False|False,2011||,15,0,15,
Romania_2015-03-27_dsa.json,Romania_2015-03-27.pdf,Romania,partial_match,Yes,yes|yes|yes,True|True|True,2014|2014|2014,15,13,2,
Russian Federation_2011-09-27_dsa.json,Russian Federation_2011-09-27.pdf,Russian Federation,table_found_differs,Yes,yes|yes|yes,True|False|False,2009||,12,0,12,
Russian Federation_2012-08-03_dsa.json,Russian Federation_2012-08-03.pdf,Russian Federation,table_found_differs,Yes,yes|yes|yes,True|False|True,2010||,12,0,12,
Russian Federation_2014-07-01_dsa.json,Russian Federation_2014-07-01.pdf,Russian Federation,partial_match,Yes,yes|yes|yes,True|True|True,2013|2013|2013,15,14,1,
Rwanda_2011-01-14_dsa.json,Rwanda_2011-01-14.pdf,Rwanda,no_table_in_all_runs,Yes,yes|yes|yes,False|False|False,||,0,0,0,
Rwanda_2011-07-07_dsa.json,Rwanda_2011-07-07.pdf,Rwanda,fully_match,No,yes|yes|yes,True|True|True,2010|2010|2010,17,17,0,
Rwanda_2012-01-26_dsa.json,Rwanda_2012-01-26.pdf,Rwanda,no_table_in_all_runs,Yes,yes|yes|yes,False|False|False,||,0,0,0,
Rwanda_2013-03-21_dsa.json,Rwanda_2013-03-21.pdf,Rwanda,fully_match,No,yes|yes|yes,True|True|True,2011|2011|2011,17,17,0,
Rwanda_2013-06-25_dsa.json,Rwanda_2013-06-25.pdf,Rwanda,no_table_in_all_runs,Yes,yes|yes|yes,False|False|False,||,0,0,0,
Rwanda_2014-12-12_dsa.json,Rwanda_2014-12-12.pdf,Rwanda,fully_match,No,yes|yes|yes,True|True|True,2013|2013|2013,17,17,0,
Samoa_2012-08-29_dsa.json,Samoa_2012-08-29.pdf,Samoa,fully_match,No,yes|yes|yes,True|True|True,2011|2011|2011,17,17,0,
Samoa_2013-06-14_dsa.json,Samoa_2013-06-14.pdf,Samoa,last_actual_year_differs,Yes,yes|yes|yes,True|True|True,2012|2011|2012,17,0,17,
Saudi Arabia_2011-09-21_dsa.json,Saudi Arabia_2011-09-21.pdf,Saudi Arabia,no_table_in_all_runs,Yes,yes|yes|yes,False|False|False,||,0,0,0,
Saudi Arabia_2014-09-23_dsa.json,Saudi Arabia_2014-09-23.pdf,Saudi Arabia,fully_match,No,yes|yes|yes,True|True|True,2013|2013|2013,15,15,0,
Saudi Arabia_2015-09-09_dsa.json,Saudi Arabia_2015-09-09.pdf,Saudi Arabia,fully_match,No,yes|yes|yes,True|True|True,2014|2014|2014,14,14,0,
Senegal_2011-12-29_dsa.json,Senegal_2011-12-29.pdf,Senegal,no_table_in_all_runs,Yes,yes|yes|yes,False|False|False,||,0,0,0,
Senegal_2012-08-06_dsa.json,Senegal_2012-08-06.pdf,Senegal,no_table_in_all_runs,Yes,yes|yes|yes,False|False|False,||,0,0,0,
Senegal_2012-12-19_dsa.json,Senegal_2012-12-19.pdf,Senegal,fully_match,No,yes|yes|yes,True|True|True,2011|2011|2011,17,17,0,
Senegal_2013-06-24_dsa.json,Senegal_2013-06-24.pdf,Senegal,partial_match,Yes,yes|yes|yes,True|True|True,2012|2012|2012,17,15,2,
Senegal_2014-01-08_dsa.json,Senegal_2014-01-08.pdf,Senegal,no_table_in_all_runs,Yes,yes|yes|yes,False|False|False,||,0,0,0,
Senegal_2015-01-14_dsa.json,Senegal_2015-01-14.pdf,Senegal,fully_match,No,yes|yes|yes,True|True|True,2013|2013|2013,17,17,0,
Senegal_2015-09-29_dsa.json,Senegal_2015-09-29.pdf,Senegal,fully_match,No,yes|yes|yes,True|True|True,2014|2014|2014,17,17,0,
Seychelles_2011-01-04_dsa.json,Seychelles_2011-01-04.pdf,Seychelles,fully_match,No,yes|yes|yes,True|True|True,2009|2009|2009,15,15,0,
Seychelles_2011-06-14_CR2011-133_dsa.json,Seychelles_2011-06-14_CR2011-133.pdf,Seychelles,no_table_in_all_runs,Yes,yes|yes|yes,False|False|False,||,0,0,0,
Seychelles_2011-06-14_CR2011-134_dsa.json,Seychelles_2011-06-14_CR2011-134.pdf,Seychelles,no_table_in_all_runs,Yes,yes|yes|yes,False|False|False,||,0,0,0,
Seychelles_2012-02-06_dsa.json,Seychelles_2012-02-06.pdf,Seychelles,no_table_in_all_runs,Yes,yes|yes|yes,False|False|False,||,0,0,0,
Seychelles_2012-09-06_dsa.json,Seychelles_2012-09-06.pdf,Seychelles,no_table_in_all_runs,Yes,yes|yes|yes,False|False|False,||,0,0,0,
Seychelles_2013-01-30_dsa.json,Seychelles_2013-01-30.pdf,Seychelles,fully_match,No,yes|yes|yes,True|True|True,2011|2011|2011,15,15,0,
Seychelles_2014-01-31_dsa.json,Seychelles_2014-01-31.pdf,Seychelles,no_table_in_all_runs,Yes,yes|yes|yes,False|False|False,||,0,0,0,
Seychelles_2015-07-22_dsa.json,Seychelles_2015-07-22.pdf,Seychelles,partial_match,Yes,yes|yes|yes,True|True|True,2014|2014|2014,15,14,1,
Sierra Leone_2011-12-20_dsa.json,Sierra Leone_2011-12-20.pdf,Sierra Leone,no_table_in_all_runs,Yes,yes|yes|yes,False|False|False,||,0,0,0,
Sierra Leone_2012-10-16_dsa.json,Sierra Leone_2012-10-16.pdf,Sierra Leone,fully_match,No,yes|yes|yes,True|True|True,2011|2011|2011,17,17,0,
Sierra Leone_2014-06-26_dsa.json,Sierra Leone_2014-06-26.pdf,Sierra Leone,no_table_in_all_runs,Yes,yes|yes|yes,False|False|False,||,0,0,0,
Sierra Leone_2015-11-24_dsa.json,Sierra Leone_2015-11-24.pdf,Sierra Leone,last_actual_year_differs,Yes,yes|yes|yes,True|True|True,2014|2014|2013,17,0,17,
Singapore_2012-02-10_dsa.json,Singapore_2012-02-10.pdf,Singapore,no_table_in_all_runs,Yes,yes|yes|yes,False|False|False,||,0,0,0,
Singapore_2012-08-27_dsa.json,Singapore_2012-08-27.pdf,Singapore,no_table_in_all_runs,Yes,yes|yes|yes,False|False|False,||,0,0,0,
Singapore_2013-11-14_dsa.json,Singapore_2013-11-14.pdf,Singapore,no_table_in_all_runs,Yes,yes|yes|yes,False|False|False,||,0,0,0,
Singapore_2014-10-17_dsa.json,Singapore_2014-10-17.pdf,Singapore,no_table_in_all_runs,Yes,yes|yes|yes,False|False|False,||,0,0,0,
Singapore_2015-07-22_dsa.json,Singapore_2015-07-22.pdf,Singapore,fully_match,No,yes|yes|yes,True|True|True,2014|2014|2014,15,15,0,
Slovak Republic_2011-06-01_dsa.json,Slovak Republic_2011-06-01.pdf,Slovak Republic,no_table_in_all_runs,Yes,yes|yes|yes,False|False|False,||,0,0,0,
Slovak Republic_2012-07-17_dsa.json,Slovak Republic_2012-07-17.pdf,Slovak Republic,fully_match,No,yes|yes|yes,True|True|True,2011|2011|2011,15,15,0,
Slovak Republic_2014-09-02_dsa.json,Slovak Republic_2014-09-02.pdf,Slovak Republic,partial_match,Yes,yes|yes|yes,True|True|True,2013|2013|2013,15,14,1,
Solomon Islands_2011-07-15_dsa.json,Solomon Islands_2011-07-15.pdf,Solomon Islands,no_table_in_all_runs,Yes,yes|yes|yes,False|False|False,||,0,0,0,
Solomon Islands_2011-12-19_dsa.json,Solomon Islands_2011-12-19.pdf,Solomon Islands,last_actual_year_differs,Yes,yes|yes|yes,True|True|True,2010|2009|2010,17,0,17,
Solomon Islands_2012-06-29_dsa.json,Solomon Islands_2012-06-29.pdf,Solomon Islands,no_table_in_all_runs,Yes,yes|yes|yes,False|False|False,||,0,0,0,
Solomon Islands_2012-12-12_dsa.json,Solomon Islands_2012-12-12.pdf,Solomon Islands,fully_match,No,yes|yes|yes,True|True|True,2011|2011|2011,17,17,0,
Solomon Islands_2013-08-02_dsa.json,Solomon Islands_2013-08-02.pdf,Solomon Islands,no_table_in_all_runs,Yes,yes|yes|yes,False|False|False,||,0,0,0,
Solomon Islands_2014-01-22_dsa.json,Solomon Islands_2014-01-22.pdf,Solomon Islands,fully_match,No,yes|yes|yes,True|True|True,2012|2012|2012,17,17,0,
Solomon Islands_2014-06-23_dsa.json,Solomon Islands_2014-06-23.pdf,Solomon Islands,no_table_in_all_runs,Yes,yes|yes|yes,False|False|False,||,0,0,0,
Solomon Islands_2015-12-23_dsa.json,Solomon Islands_2015-12-23.pdf,Solomon Islands,no_table_in_all_runs,Yes,yes|yes|yes,False|False|False,||,0,0,0,
Somalia_2015-07-29_dsa.json,Somalia_2015-07-29.pdf,Somalia,no_table_in_all_runs,Yes,yes|yes|yes,False|False|False,||,0,0,0,
South Africa_2011-08-25_dsa.json,South Africa_2011-08-25.pdf,South Africa,fully_match,No,yes|yes|yes,True|True|True,2010|2010|2010,15,15,0,
South Africa_2012-08-17_dsa.json,South Africa_2012-08-17.pdf,South Africa,fully_match,No,yes|yes|yes,True|True|True,2011|2011|2011,15,15,0,
South Africa_2014-12-11_dsa.json,South Africa_2014-12-11.pdf,South Africa,fully_match,No,yes|yes|yes,True|True|True,2013|2013|2013,15,15,0,
Spain_2011-07-29_dsa.json,Spain_2011-07-29.pdf,Spain,no_table_in_all_runs,Yes,yes|yes|yes,False|False|False,||,0,0,0,
Spain_2012-07-27_dsa.json,Spain_2012-07-27.pdf,Spain,fully_match,No,yes|yes|yes,True|True|True,2011|2011|2011,15,15,0,
Spain_2014-07-10_dsa.json,Spain_2014-07-10.pdf,Spain,fully_match,No,yes|yes|yes,True|True|True,2013|2013|2013,12,12,0,
Spain_2015-08-14_dsa.json,Spain_2015-08-14.pdf,Spain,fully_match,No,yes|yes|yes,True|True|True,2014|2014|2014,12,12,0,
Sri Lanka_2012-04-19_dsa.json,Sri Lanka_2012-04-19.pdf,Sri Lanka,no_table_in_all_runs,Yes,yes|yes|yes,False|False|False,||,0,0,0,
Sri Lanka_2012-07-25_dsa.json,Sri Lanka_2012-07-25.pdf,Sri Lanka,table_found_differs,Yes,yes|yes|yes,True|False|False,2011||,15,0,15,
Sri Lanka_2014-09-18_dsa.json,Sri Lanka_2014-09-18.pdf,Sri Lanka,fully_match,No,yes|yes|yes,True|True|True,2013|2013|2013,15,15,0,
Sri Lanka_2015-12-10_dsa.json,Sri Lanka_2015-12-10.pdf,Sri Lanka,no_table_in_all_runs,Yes,yes|yes|yes,False|False|False,||,0,0,0,
St. Kitts and Nevis_2011-09-02_dsa.json,St. Kitts and Nevis_2011-09-02.pdf,St. Kitts And Nevis,table_found_differs,Yes,yes|yes|yes,True|False|False,2010||,15,0,15,
St. Kitts and Nevis_2012-03-07_dsa.json,St. Kitts and Nevis_2012-03-07.pdf,St. Kitts And Nevis,table_found_differs,Yes,yes|yes|yes,True|False|False,2010||,15,0,15,
St. Kitts and Nevis_2012-07-24_dsa.json,St. Kitts and Nevis_2012-07-24.pdf,St. Kitts And Nevis,fully_match,No,yes|yes|yes,True|True|True,2011|2011|2011,15,15,0,
St. Kitts and Nevis_2012-10-15_dsa.json,St. Kitts and Nevis_2012-10-15.pdf,St. Kitts And Nevis,table_found_differs,Yes,yes|yes|yes,True|True|False,2011||,15,0,15,
St. Kitts and Nevis_2013-02-21_dsa.json,St. Kitts and Nevis_2013-02-21.pdf,St. Kitts And Nevis,fully_match,No,yes|yes|yes,True|True|True,2011|2011|2011,15,15,0,
St. Kitts and Nevis_2014-02-18_dsa.json,St. Kitts and Nevis_2014-02-18.pdf,St. Kitts And Nevis,fully_match,No,yes|yes|yes,True|True|True,2012|2012|2012,15,15,0,
St. Kitts and Nevis_2014-03-27_dsa.json,St. Kitts and Nevis_2014-03-27.pdf,St. Kitts And Nevis,fully_match,No,yes|yes|yes,True|True|True,2012|2012|2012,14,14,0,
St. Kitts and Nevis_2015-09-04_dsa.json,St. Kitts and Nevis_2015-09-04.pdf,St. Kitts And Nevis,partial_match,Yes,yes|yes|yes,True|True|True,2014|2014|2014,14,13,1,
St. Kitts and Nevis_2015-10-29_dsa.json,St. Kitts and Nevis_2015-10-29.pdf,St. Kitts And Nevis,no_table_in_all_runs,Yes,yes|yes|yes,False|False|False,||,0,0,0,
St. Lucia_2011-09-09_dsa.json,St. Lucia_2011-09-09.pdf,St. Lucia,fully_match,No,yes|yes|yes,True|True|True,2009|2009|2009,17,17,0,
St. Vincent and the Grenadines_2014-08-21_dsa.json,St. Vincent and the Grenadines_2014-08-21.pdf,St. Vincent And The Grenadines,last_actual_year_differs,Yes,yes|yes|yes,True|True|True,2011|2010|2010,17,0,17,
St. Vincent and the Grenadines_2015-09-14_dsa.json,St. Vincent and the Grenadines_2015-09-14.pdf,St. Vincent And The Grenadines,fully_match,No,yes|yes|yes,True|True|True,2013|2013|2013,17,17,0,
St.Vincent and the Grenadines_2011-12-06_dsa.json,St.Vincent and the Grenadines_2011-12-06.pdf,St. Vincent And The Grenadines,fully_match,No,yes|yes|yes,True|True|True,2010|2010|2010,17,17,0,
Sudan_2011-04-11_dsa.json,Sudan_2011-04-11.pdf,Sudan,no_table_in_all_runs,Yes,yes|yes|yes,False|False|False,||,0,0,0,
Sudan_2012-11-05_dsa.json,Sudan_2012-11-05.pdf,Sudan,fully_match,No,yes|yes|yes,True|True|True,2011|2011|2011,17,17,0,
Sudan_2014-12-30_dsa.json,Sudan_2014-12-30.pdf,Sudan,fully_match,No,yes|yes|yes,True|True|True,2013|2013|2013,17,17,0,
Suriname_2011-08-18_dsa.json,Suriname_2011-08-18.pdf,Suriname,fully_match,No,yes|yes|yes,True|True|True,2010|2010|2010,15,15,0,
Suriname_2012-10-03_dsa.json,Suriname_2012-10-03.pdf,Suriname,fully_match,No,yes|yes|yes,True|True|True,2011|2011|2011,15,15,0,
Suriname_2014-10-31_dsa.json,Suriname_2014-10-31.pdf,Suriname,fully_match,No,yes|yes|yes,True|True|True,2013|2013|2013,13,13,0,
Sweden_2011-07-13_dsa.json,Sweden_2011-07-13.pdf,Sweden,fully_match,No,yes|yes|yes,True|True|True,2009|2009|2009,15,15,0,
Sweden_2012-06-27_dsa.json,Sweden_2012-06-27.pdf,Sweden,fully_match,No,yes|yes|yes,True|True|True,2011|2011|2011,15,15,0,
Sweden_2014-08-29_dsa.json,Sweden_2014-08-29.pdf,Sweden,fully_match,No,yes|yes|yes,True|True|True,2013|2013|2013,15,15,0,
Sweden_2015-12-02_dsa.json,Sweden_2015-12-02.pdf,Sweden,partial_match,Yes,yes|yes|yes,True|True|True,2014|2014|2014,15,14,1,
Switzerland_2011-05-26_dsa.json,Switzerland_2011-05-26.pdf,Switzerland,no_table_in_all_runs,Yes,yes|yes|yes,False|False|False,||,0,0,0,
Switzerland_2012-05-08_dsa.json,Switzerland_2012-05-08.pdf,Switzerland,no_table_in_all_runs,Yes,yes|yes|yes,False|False|False,||,0,0,0,
Switzerland_2014-05-28_dsa.json,Switzerland_2014-05-28.pdf,Switzerland,fully_match,No,yes|yes|yes,True|True|True,2013|2013|2013,15,15,0,
Switzerland_2015-05-27_dsa.json,Switzerland_2015-05-27.pdf,Switzerland,fully_match,No,yes|yes|yes,True|True|True,2014|2014|2014,12,12,0,
Thailand_2012-06-01_dsa.json,Thailand_2012-06-01.pdf,Thailand,fully_match,No,yes|yes|yes,True|True|True,2011|2011|2011,15,15,0,
Thailand_2015-05-07_dsa.json,Thailand_2015-05-07.pdf,Thailand,fully_match,No,yes|yes|yes,True|True|True,2014|2014|2014,15,15,0,
The Bahamas_2011-12-02_dsa.json,The Bahamas_2011-12-02.pdf,The Bahamas,table_found_differs,Yes,yes|yes|yes,True|False|False,2010||,15,0,15,
The Bahamas_2014-03-07_dsa.json,The Bahamas_2014-03-07.pdf,The Bahamas,partial_match,Yes,yes|yes|yes,True|True|True,2012|2012|2012,15,14,1,
The Bahamas_2015-07-27_dsa.json,The Bahamas_2015-07-27.pdf,The Bahamas,fully_match,No,yes|yes|yes,True|True|True,2014|2014|2014,15,15,0,
The Federal Democratic Republic of Ethiopia_2014-10-03_dsa.json,The Federal Democratic Republic of Ethiopia_2014-10-03.pdf,The Federal Democratic Republic Of Ethiopia,fully_match,No,yes|yes|yes,True|True|True,2013|2013|2013,17,17,0,
The Federal Democratic Republic of Ethiopia_2015-10-30_dsa.json,The Federal Democratic Republic of Ethiopia_2015-10-30.pdf,The Federal Democratic Republic Of Ethiopia,fully_match,No,yes|yes|yes,True|True|True,2014|2014|2014,17,17,0,
The Gambia_2011-01-21_dsa.json,The Gambia_2011-01-21.pdf,The Gambia,no_table_in_all_runs,Yes,yes|yes|yes,False|False|False,||,0,0,0,
The Gambia_2012-01-30_dsa.json,The Gambia_2012-01-30.pdf,The Gambia,fully_match,No,yes|yes|yes,True|True|True,2010|2010|2010,17,17,0,
The Gambia_2012-06-06_dsa.json,The Gambia_2012-06-06.pdf,The Gambia,last_actual_year_differs,Yes,yes|yes|yes,True|True|True,2011|2010|2011,17,0,17,
The Gambia_2013-09-18_dsa.json,The Gambia_2013-09-18.pdf,The Gambia,no_table_in_all_runs,Yes,yes|yes|yes,False|False|False,||,0,0,0,
The Gambia_2015-04-22_dsa.json,The Gambia_2015-04-22.pdf,The Gambia,fully_match,No,yes|yes|yes,True|True|True,2013|2013|2013,17,17,0,
The Gambia_2015-09-28_dsa.json,The Gambia_2015-09-28.pdf,The Gambia,no_table_in_all_runs,Yes,yes|yes|yes,False|False|False,||,0,0,0,
The Republic of Croatia_2012-11-13_dsa.json,The Republic of Croatia_2012-11-13.pdf,The Republic Of Croatia,fully_match,No,yes|yes|yes,True|True|True,2011|2011|2011,15,15,0,
Togo_2011-01-12_dsa.json,Togo_2011-01-12.pdf,Togo,no_table_in_all_runs,Yes,yes|yes|yes,False|False|False,||,0,0,0,
Togo_2011-08-02_dsa.json,Togo_2011-08-02.pdf,Togo,fully_match,No,yes|yes|yes,True|True|True,2010|2010|2010,17,17,0,
Togo_2014-02-07_dsa.json,Togo_2014-02-07.pdf,Togo,fully_match,No,yes|yes|yes,True|True|True,2012|2012|2012,17,17,0,
Togo_2015-11-13_dsa.json,Togo_2015-11-13.pdf,Togo,fully_match,No,yes|yes|yes,True|True|True,2014|2014|2014,17,17,0,
Tonga_2011-05-19_dsa.json,Tonga_2011-05-19.pdf,Tonga,fully_match,No,yes|yes|yes,True|True|True,2010|2010|2010,17,17,0,
Tonga_2012-07-09_dsa.json,Tonga_2012-07-09.pdf,Tonga,fully_match,No,yes|yes|yes,True|True|True,2011|2011|2011,17,17,0,
Tonga_2014-08-06_dsa.json,Tonga_2014-08-06.pdf,Tonga,fully_match,No,yes|yes|yes,True|True|True,2013|2013|2013,17,17,0,
Tonga_2015-04-30_dsa.json,Tonga_2015-04-30.pdf,Tonga,fully_match,No,yes|yes|yes,True|True|True,2014|2014|2014,17,17,0,
Trinidad and Tobago_2011-03-30_dsa.json,Trinidad and Tobago_2011-03-30.pdf,Trinidad And Tobago,table_found_differs,Yes,yes|yes|yes,True|False|False,2010||,15,0,15,
Trinidad and Tobago_2012-06-01_dsa.json,Trinidad and Tobago_2012-06-01.pdf,Trinidad And Tobago,table_found_differs,Yes,yes|yes|yes,True|False|False,2011||,15,0,15,
Trinidad and Tobago_2013-10-03_dsa.json,Trinidad and Tobago_2013-10-03.pdf,Trinidad And Tobago,no_table_in_all_runs,Yes,yes|yes|yes,False|False|False,||,0,0,0,
Trinidad and Tobago_2014-09-03_dsa.json,Trinidad and Tobago_2014-09-03.pdf,Trinidad And Tobago,partial_match,Yes,yes|yes|yes,True|True|True,2013|2013|2013,16,14,2,
Tunisia_2012-09-04_dsa.json,Tunisia_2012-09-04.pdf,Tunisia,fully_match,No,yes|yes|yes,True|True|True,2011|2011|2011,15,15,0,
Tunisia_2013-06-17_dsa.json,Tunisia_2013-06-17.pdf,Tunisia,fully_match,No,yes|yes|yes,True|True|True,2012|2012|2012,15,15,0,
Tunisia_2014-12-29_dsa.json,Tunisia_2014-12-29.pdf,Tunisia,fully_match,No,yes|yes|yes,True|True|True,2013|2013|2013,15,15,0,
Tunisia_2015-06-01_dsa.json,Tunisia_2015-06-01.pdf,Tunisia,no_table_in_all_runs,Yes,yes|yes|yes,False|False|False,||,0,0,0,
Tunisia_2015-10-15_dsa.json,Tunisia_2015-10-15.pdf,Tunisia,fully_match,No,yes|yes|yes,True|True|True,2014|2014|2014,15,15,0,
Turkey_2012-01-27_dsa.json,Turkey_2012-01-27.pdf,Turkey,fully_match,No,yes|yes|yes,True|True|True,2010|2010|2010,12,12,0,
Turkey_2013-12-20_dsa.json,Turkey_2013-12-20.pdf,Turkey,fully_match,No,yes|yes|yes,True|True|True,2012|2012|2012,15,15,0,
Turkey_2014-12-05_dsa.json,Turkey_2014-12-05.pdf,Turkey,partial_match,Yes,yes|yes|yes,True|True|True,2013|2013|2013,15,13,2,
Tuvalu_2011-02-08_dsa.json,Tuvalu_2011-02-08.pdf,Tuvalu,no_table_in_all_runs,Yes,yes|yes|yes,False|False|False,||,0,0,0,
Tuvalu_2014-08-28_dsa.json,Tuvalu_2014-08-28.pdf,Tuvalu,fully_match,No,yes|yes|yes,True|True|True,2013|2013|2013,17,17,0,
Uganda_2011-10-19_dsa.json,Uganda_2011-10-19.pdf,Uganda,no_table_in_all_runs,Yes,yes|yes|yes,False|False|False,||,0,0,0,
Uganda_2012-06-05_dsa.json,Uganda_2012-06-05.pdf,Uganda,no_table_in_all_runs,Yes,yes|yes|yes,False|False|False,||,0,0,0,
Uganda_2012-06-08_dsa.json,Uganda_2012-06-08.pdf,Uganda,fully_match,No,yes|yes|yes,True|True|True,2011|2011|2011,17,17,0,
Uganda_2013-01-25_dsa.json,Uganda_2013-01-25.pdf,Uganda,no_table_in_all_runs,Yes,yes|yes|yes,False|False|False,||,0,0,0,
Uganda_2013-07-19_dsa.json,Uganda_2013-07-19.pdf,Uganda,fully_match,No,yes|yes|yes,True|True|True,2012|2012|2012,17,17,0,
Uganda_2015-11-20_dsa.json,Uganda_2015-11-20.pdf,Uganda,table_found_differs,Yes,yes|yes|yes,True|True|False,2015|2014|,17,0,17,
Ukraine_2011-02-17_dsa.json,Ukraine_2011-02-17.pdf,Ukraine,table_found_differs,Yes,yes|yes|yes,True|False|False,2009||,15,0,15,
Ukraine_2012-11-27_dsa.json,Ukraine_2012-11-27.pdf,Ukraine,table_found_differs,Yes,yes|yes|yes,True|False|True,2011||,15,0,15,
Ukraine_2014-06-11_dsa.json,Ukraine_2014-06-11.pdf,Ukraine,fully_match,No,yes|yes|yes,True|True|True,2012|2012|2012,15,15,0,
Ukraine_2015-08-04_dsa.json,Ukraine_2015-08-04.pdf,Ukraine,fully_match,No,yes|yes|yes,True|True|True,2014|2014|2014,15,15,0,
Union of the Comoros_2011-03-24_dsa.json,Union of the Comoros_2011-03-24.pdf,Union Of The Comoros,no_table_in_all_runs,Yes,yes|yes|yes,False|False|False,||,0,0,0,
Union of the Comoros_2013-02-08_dsa.json,Union of the Comoros_2013-02-08.pdf,Union Of The Comoros,no_table_in_all_runs,Yes,yes|yes|yes,False|False|False,||,0,0,0,
Union of the Comoros_2015-02-13_dsa.json,Union of the Comoros_2015-02-13.pdf,Union Of The Comoros,no_table_in_all_runs,Yes,yes|yes|yes,False|False|False,||,0,0,0,
United Arab Emirates_2011-05-23_dsa.json,United Arab Emirates_2011-05-23.pdf,United Arab Emirates,no_table_in_all_runs,Yes,yes|yes|yes,False|False|False,||,0,0,0,
United Arab Emirates_2012-05-18_dsa.json,United Arab Emirates_2012-05-18.pdf,United Arab Emirates,no_table_in_all_runs,Yes,yes|yes|yes,False|False|False,||,0,0,0,
United Arab Emirates_2014-07-03_dsa.json,United Arab Emirates_2014-07-03.pdf,United Arab Emirates,fully_match,No,yes|yes|yes,True|True|True,2013|2013|2013,15,15,0,
United Arab Emirates_2015-08-04_dsa.json,United Arab Emirates_2015-08-04.pdf,United Arab Emirates,fully_match,No,yes|yes|yes,True|True|True,2014|2014|2014,15,15,0,
United Kingdom-Anguilla-British Overseas Territory_2012-01-20_dsa.json,United Kingdom-Anguilla-British Overseas Territory_2012-01-20.pdf,United Kingdom—Anguilla—British Overseas Territory,no_table_in_all_runs,Yes,yes|yes|yes,False|False|False,||,0,0,0,
United Kingdom_2011-08-01_dsa.json,United Kingdom_2011-08-01.pdf,United Kingdom,fully_match,No,yes|yes|yes,True|True|True,2010|2010|2010,15,15,0,
United Kingdom_2012-07-19_dsa.json,United Kingdom_2012-07-19.pdf,United Kingdom,missing_in_run,Yes,yes|yes|no,True|True|,2011|2011|,15,0,15,
United Kingdom_2014-07-28_dsa.json,United Kingdom_2014-07-28.pdf,United Kingdom,table_found_differs,Yes,yes|yes|yes,True|True|False,2013|2013|,14,0,14,
United Republic of Tanzania_2011-05-11_dsa.json,United Republic of Tanzania_2011-05-11.pdf,United Republic Of Tanzania,table_found_differs,Yes,yes|yes|yes,True|True|False,2010|2010|,17,0,17,
United Republic of Tanzania_2012-01-31_dsa.json,United Republic of Tanzania_2012-01-31.pdf,United Republic Of Tanzania,no_table_in_all_runs,Yes,yes|yes|yes,False|False|False,||,0,0,0,
United Republic of Tanzania_2013-01-17_dsa.json,United Republic of Tanzania_2013-01-17.pdf,United Republic Of Tanzania,no_table_in_all_runs,Yes,yes|yes|yes,False|False|False,||,0,0,0,
United Republic of Tanzania_2013-06-19_dsa.json,United Republic of Tanzania_2013-06-19.pdf,United Republic Of Tanzania,no_table_in_all_runs,Yes,yes|yes|yes,False|False|False,||,0,0,0,
United States_2011-07-25_dsa.json,United States_2011-07-25.pdf,The United States,no_table_in_all_runs,Yes,yes|yes|yes,False|False|False,||,0,0,0,
United States_2012-08-02_dsa.json,United States_2012-08-02.pdf,United States,table_found_differs,Yes,yes|yes|yes,True|True|False,2011|2011|,15,0,15,
United States_2014-07-23_dsa.json,United States_2014-07-23.pdf,United States,table_found_differs,Yes,yes|yes|yes,True|True|False,2013|2013|,12,0,12,
United States_2015-07-07_dsa.json,United States_2015-07-07.pdf,United States,table_found_differs,Yes,yes|yes|yes,True|True|False,2014|2014|,15,0,15,
Uruguay_2011-03-03_dsa.json,Uruguay_2011-03-03.pdf,Uruguay,table_found_differs,Yes,yes|yes|yes,True|True|False,2009|2009|,15,0,15,
Uruguay_2014-01-10_dsa.json,Uruguay_2014-01-10.pdf,Uruguay,table_found_differs,Yes,yes|yes|yes,True|True|False,2012|2012|,15,0,15,
Uruguay_2015-03-26_dsa.json,Uruguay_2015-03-26.pdf,Uruguay,table_found_differs,Yes,yes|yes|yes,True|True|False,2013|2013|,15,0,15,
Vanuatu_2011-05-31_dsa.json,Vanuatu_2011-05-31.pdf,Vanuatu,table_found_differs,Yes,yes|yes|yes,True|True|False,2009|2009|,17,0,17,
Vietnam_2012-07-06_dsa.json,Vietnam_2012-07-06.pdf,Vietnam,table_found_differs,Yes,yes|yes|yes,True|True|False,2010|2010|,17,0,17,
Vietnam_2014-10-16_dsa.json,Vietnam_2014-10-16.pdf,Vietnam,table_found_differs,Yes,yes|yes|yes,True|True|False,2013|2013|,17,0,17,
Zambia_2011-07-20_dsa.json,Zambia_2011-07-20.pdf,Zambia,no_table_in_all_runs,Yes,yes|yes|yes,False|False|False,||,0,0,0,
Zimbabwe_2011-06-14_dsa.json,Zimbabwe_2011-06-14.pdf,Zimbabwe,table_found_differs,Yes,yes|yes|yes,True|True|False,2009|2009|,17,0,17,
Zimbabwe_2012-09-28_dsa.json,Zimbabwe_2012-09-28.pdf,Zimbabwe,table_found_differs,Yes,yes|yes|yes,True|True|False,2011|2011|,17,0,17,
Zimbabwe_2014-07-11_dsa.json,Zimbabwe_2014-07-11.pdf,Zimbabwe,table_found_differs,Yes,yes|yes|yes,True|True|False,2012|2012|,17,0,17,
Zimbabwe_2015-04-28_dsa.json,Zimbabwe_2015-04-28.pdf,Zimbabwe,no_table_in_all_runs,Yes,yes|yes|yes,False|False|False,||,0,0,0,
Zimbabwe_2015-10-08_dsa.json,Zimbabwe_2015-10-08.pdf,Zimbabwe,no_table_in_all_runs,Yes,yes|yes|yes,False|False|False,||,0,0,0,
Bangladesh_2013-06-05_dsa.json,Bangladesh_2013-06-05.pdf,Bangladesh,fully_match,No,yes|yes|yes,True|True|True,2012|2012|2012,14,14,0,
Bhutan_2014-07-01_dsa.json,Bhutan_2014-07-01.pdf,Bhutan,fully_match,No,yes|yes|yes,True|True|True,2012|2012|2012,17,17,0,
Bolivia_2012-06-15_dsa.json,Bolivia_2012-06-15.pdf,Bolivia,fully_match,No,yes|yes|yes,True|True|True,2010|2010|2010,17,17,0,
Burkina Faso_2012-07-02_CR2012-159_dsa.json,Burkina Faso_2012-07-02_CR2012-159.pdf,Burkina Faso,fully_match,No,yes|yes|yes,True|True|True,2010|2010|2010,17,17,0,
Burkina Faso_2014-07-21_dsa.json,Burkina Faso_2014-07-21.pdf,Burkina Faso,fully_match,No,yes|yes|yes,True|True|True,2012|2012|2012,17,17,0,
Cameroon_2011-09-01_dsa.json,Cameroon_2011-09-01.pdf,Cameroon,fully_match,No,yes|yes|yes,True|True|True,2009|2009|2009,17,17,0,
Central African Republic_2012-08-13_CR2012-240_dsa.json,Central African Republic_2012-08-13_CR2012-240.pdf,Central African Republic,fully_match,No,yes|yes|yes,True|True|True,2010|2010|2010,17,17,0,
Democratic Republic of São Tomé and Príncipe_2014-01-06_dsa.json,Democratic Republic of São Tomé and Príncipe_2014-01-06.pdf,Democratic Republic Of São Tomé And Príncipe,last_actual_year_differs,Yes,yes|yes|yes,True|True|True,2011|2011|2012,17,0,17,
Democratic Republic of the Congo_2015-10-13_dsa.json,Democratic Republic of the Congo_2015-10-13.pdf,Democratic Republic Of The Congo,fully_match,No,yes|yes|yes,True|True|True,2013|2013|2013,17,17,0,
Dominica_2011-11-14_dsa.json,Dominica_2011-11-14.pdf,Dominica,last_actual_year_differs,Yes,yes|yes|yes,True|True|True,2009|2010|2009,13,0,13,
El Salvador_2013-05-22_dsa.json,El Salvador_2013-05-22.pdf,El Salvador,last_actual_year_differs,Yes,yes|yes|yes,True|True|True,2011|2012|2012,15,0,15,
Ghana_2015-09-04_dsa.json,Ghana_2015-09-04.pdf,Ghana,last_actual_year_differs,Yes,yes|yes|yes,True|True|True,2013|2013|2014,17,0,17,
Grenada_2014-07-14_dsa.json,Grenada_2014-07-14.pdf,Grenada,fully_match,No,yes|yes|yes,True|True|True,2012|2012|2012,17,17,0,
Guinea-Bissau_2015-07-21_dsa.json,Guinea-Bissau_2015-07-21.pdf,Guinea-Bissau,fully_match,No,yes|yes|yes,True|True|True,2013|2013|2013,17,17,0,
Haiti_2012-04-02_dsa.json,Haiti_2012-04-02.pdf,Haiti,fully_match,No,yes|yes|yes,True|True|True,2010|2010|2010,17,17,0,
Ireland_2012-03-02_dsa.json,Ireland_2012-03-02.pdf,Ireland,fully_match,No,yes|yes|yes,True|True|True,2011|2011|2011,15,15,0,
Islamic Republic of Afghanistan_2012-08-20_dsa.json,Islamic Republic of Afghanistan_2012-08-20.pdf,Islamic Republic Of Afghanistan,table_found_differs,Yes,yes|yes|yes,True|False|False,2011||,17,0,17,
Kingdom of the Netherlands_2011-12-08_dsa.json,Kingdom of the Netherlands_2011-12-08.pdf,Kingdom Of The Netherlands—Curaçao And Sint Maarten,fully_match,No,yes|yes|yes,True|True|True,2010|2010|2010,15,15,0,
Kingdom of the Netherlands—Curaçao and Sint Maarten_2014-08-27_dsa.json,Kingdom of the Netherlands—Curaçao and Sint Maarten_2014-08-27.pdf,Kingdom Of The Netherlands—Curaçao And Sint Maarten,missing_in_run,Yes,yes|yes|no,True|True|,2013|2013|,15,0,15,
Kiribati_2013-06-06_dsa.json,Kiribati_2013-06-06.pdf,Kiribati,fully_match,No,yes|yes|yes,True|True|True,2011|2011|2011,17,17,0,
Kyrgyz Republic_2011-06-28_dsa.json,Kyrgyz Republic_2011-06-28.pdf,Kyrgyz Republic,fully_match,No,yes|yes|yes,True|True|True,2009|2009|2009,16,16,0,
Lao People’s Democratic Republic_2015-02-26_dsa.json,Lao People’s Democratic Republic_2015-02-26.pdf,Lao People'S Democratic Republic,last_actual_year_differs,Yes,yes|yes|yes,True|True|True,2012|2013|2013,17,0,17,
Malawi_2012-08-03_dsa.json,Malawi_2012-08-03.pdf,Malawi,fully_match,No,yes|yes|yes,True|True|True,2010|2010|2010,17,17,0,
Mexico_2011-12-22_dsa.json,Mexico_2011-12-22.pdf,Mexico,table_found_differs,Yes,yes|yes|yes,True|False|False,2011||,15,0,15,
Mongolia_2015-04-30_dsa.json,Mongolia_2015-04-30.pdf,Mongolia,fully_match,No,yes|yes|yes,True|True|True,2013|2013|2013,17,17,0,
Myanmar_2015-09-18_dsa.json,Myanmar_2015-09-18.pdf,Myanmar,fully_match,No,yes|yes|yes,True|True|True,2014|2014|2014,17,17,0,
Nicaragua_2011-11-14_dsa.json,Nicaragua_2011-11-14.pdf,Nicaragua,last_actual_year_differs,Yes,yes|yes|yes,True|True|True,2009|2010|2010,17,0,17,
Papua New Guinea_2011-05-25_dsa.json,Papua New Guinea_2011-05-25.pdf,Papua New Guinea,fully_match,No,yes|yes|yes,True|True|True,2009|2009|2009,17,17,0,
Papua New Guinea_2012-06-01_dsa.json,Papua New Guinea_2012-06-01.pdf,Papua New Guinea,last_actual_year_differs,Yes,yes|yes|yes,True|True|True,2010|2010|2011,17,0,17,
Papua New Guinea_2015-11-18_dsa.json,Papua New Guinea_2015-11-18.pdf,Papua New Guinea,fully_match,No,yes|yes|yes,True|True|True,2013|2013|2013,17,17,0,
Republic of Congo_2014-09-04_dsa.json,Republic of Congo_2014-09-04.pdf,Republic Of Congo,last_actual_year_differs,Yes,yes|yes|yes,True|True|True,2012|2012|2013,17,0,17,
Republic of Kosovo_2012-05-09_dsa.json,Republic of Kosovo_2012-05-09.pdf,Republic Of Kosovo,last_actual_year_differs,Yes,yes|yes|yes,True|True|True,2010|2010|2011,17,0,17,
Republic of Moldova_2011-07-25_dsa.json,Republic of Moldova_2011-07-25.pdf,Republic Of Moldova,fully_match,No,yes|yes|yes,True|True|True,2009|2009|2009,17,17,0,
Republic of Mozambique_2011-06-28_dsa.json,Republic of Mozambique_2011-06-28.pdf,Republic Of Mozambique,fully_match,No,yes|yes|yes,True|True|True,2009|2009|2009,17,17,0,
Republic of San Marino_2012-05-08_dsa.json,Republic of San Marino_2012-05-08.pdf,Republic Of San Marino,fully_match,No,yes|yes|yes,True|True|True,2011|2011|2011,16,16,0,
Romania_2011-01-11_dsa.json,Romania_2011-01-11.pdf,Romania,no_table_in_all_runs,Yes,yes|yes|yes,False|False|False,||,0,0,0,
Romania_2011-01-20_dsa.json,Romania_2011-01-20.pdf,Romania,table_found_differs,Yes,yes|yes|yes,False|True|False,||,6,0,6,
Romania_2012-10-23_dsa.json,Romania_2012-10-23.pdf,Romania,partial_match,Yes,yes|yes|yes,True|True|True,2011|2011|2011,15,5,10,
Russian Federation_2015-08-03_dsa.json,Russian Federation_2015-08-03.pdf,Russian Federation,partial_match,Yes,yes|yes|yes,True|True|True,2014|2014|2014,15,14,1,
Rwanda_2012-06-20_dsa.json,Rwanda_2012-06-20.pdf,Rwanda,table_found_differs,Yes,yes|yes|yes,True|False|False,2011||,17,0,17,
Samoa_2015-07-20_dsa.json,Samoa_2015-07-20.pdf,Samoa,fully_match,No,yes|yes|yes,True|True|True,2013|2013|2013,17,17,0,
Senegal_2011-06-16_dsa.json,Senegal_2011-06-16.pdf,Senegal,fully_match,No,yes|yes|yes,True|True|True,2009|2009|2009,17,17,0,
The Federal Democratic Republic of Ethiopia_2012-10-18_dsa.json,The Federal Democratic Republic of Ethiopia_2012-10-18.pdf,The Federal Democratic Republic Of Ethiopia,last_actual_year_differs,Yes,yes|yes|yes,True|True|True,2010|2011|2011,17,0,17,
Tuvalu_2012-09-04_dsa.json,Tuvalu_2012-09-04.pdf,Tuvalu,last_actual_year_differs,Yes,yes|yes|yes,True|True|True,2010|2011|2010,17,0,17,
Uganda_2014-12-12_dsa.json,Uganda_2014-12-12.pdf,Uganda,last_actual_year_differs,Yes,yes|yes|yes,True|True|True,2013|2014|2013,17,0,17,
Uganda_2015-07-07_dsa.json,Uganda_2015-07-07.pdf,Uganda,fully_match,No,yes|yes|yes,True|True|True,2013|2013|2013,17,17,0,
United Republic of Tanzania_2012-07-18_dsa.json,United Republic of Tanzania_2012-07-18.pdf,United Republic Of Tanzania,table_found_differs,Yes,yes|yes|yes,True|True|False,2010|2010|,17,0,17,
United Republic of Tanzania_2014-05-15_dsa.json,United Republic of Tanzania_2014-05-15.pdf,United Republic Of Tanzania,table_found_differs,Yes,yes|yes|yes,True|True|False,2012|2013|,17,0,17,
Vanuatu_2015-06-16_dsa.json,Vanuatu_2015-06-16.pdf,Vanuatu,table_found_differs,Yes,yes|yes|yes,True|True|False,2013|2014|,17,0,17,
Zambia_2012-07-26_dsa.json,Zambia_2012-07-26.pdf,Zambia,table_found_differs,Yes,yes|yes|yes,True|True|False,2010|2010|,17,0,17,
Zambia_2015-06-16_dsa.json,Zambia_2015-06-16.pdf,Zambia,table_found_differs,Yes,yes|yes|yes,True|True|False,2013|2013|,17,0,17,
