country,2014,2015,2016,2017,2018,2019,2020
Afghanistan,,,O,O,O,O,
Albania,,O,O,O,O,O,
Algeria,,O,O,O,,,
Angola,,O,GAP,O,O,O,
Argentina,,O,O,O,O,,
Armenia,,O,O,GAP,O,O,
Aruba,,,O,GAP,O,,
Australia,,O,O,O,O,,
Austria,,O,O,O,,,
Azerbaijan,,O,GAP,GAP,O,,
Bahamas,,O,O,O,O,O,
Bangladesh,O?,O,O,GAP,O,O,
Barbados,,O,O,O,O,O,
Belarus,,O?,O,O,,,
Belgium,,O,O,O,O,,
Belize,O?,O,O,O,O,,
Benin,O?,O,O,O,O,O,
Bhutan,,,,O,,,
Bolivia,,O,O,O,GAP,O,
Bosnia and Herzegovina,,O,O,GAP,GAP,O,
Botswana,,O,O,O,O,,
Brazil,,O,O,O,O,O,
Bulgaria,,O,O,GAP,O,,
Burkina Faso,O,GAP,O,O,O,O,
Cabo Verde,,,O,GAP,O,O,
Cambodia,,O,O,O,O,,
Cameroon,,O,GAP,O,O?,O,
Canada,,O,O,O?,O,,
Central African Republic,,O,O,GAP,O,,
Chad,,O,O,O,GAP,O,
Chile,,O,GAP,O,GAP,O,
China,,O,O,O,O,,
Colombia,,O,O,O,O,O,
Comoros,,O,GAP,GAP,O,,
Costa Rica,,O,O,GAP,O,O,
Croatia,,O,O,O,GAP,O,
Curaçao and Sint Maarten,,O,GAP,O,GAP,O,
Cyprus,O,GAP,O,O?,O?,,
Czech Republic,,O?,O?,O,O,,
Côte d'Ivoire,,,O,O,O,O,
Democratic Republic of the Congo,,,,,O,,
Denmark,,O,O,O,O,,
Djibouti,O,O?,GAP,GAP,O,O,
Dominica,O,O?,O,,,,
Dominican Republic,O,GAP,O,O,GAP,O,
Ecuador,,O,GAP,O,O,O,
Egypt,,,O,O,O,O,
El Salvador,,O,GAP,O,O,O?,
Equatorial Guinea,,O?,GAP,GAP,O,,
Estonia,,O,GAP,O,O,,
Eswatini,,,O,GAP,O,O,
Ethiopia,,O?,GAP,O,O,O,
Fiji,O,GAP,O,O,O,,
Finland,,O,O,O,O,,
France,,O,O,O,O,,
Gabon,,O,O,O,O?,O,
Gambia,,,O,GAP,O,O,
Georgia,,,O,O,O,O,
Germany,,O,O,O,O,,
Ghana,O,GAP,O,O,O,O?,
Greece,,O,O,O,O,O,
Grenada,,O,GAP,O,O,O,
Guatemala,,O,O,GAP,O,O,
Guinea,,O,GAP,O,O,O,
Guinea-Bissau,,O,GAP,O,,,
Guyana,,O?,O,GAP,O,,
Haiti,,O,GAP,GAP,GAP,O,
Honduras,O,O,O,O,O,O,
"Hong Kong SAR, China",O,O,O,O,O,,
Hungary,,O,GAP,O,O,,
Iceland,,O,O,O,O,,
India,O,O,GAP,O,O,,
Indonesia,O,O,O,GAP,O,,
Iran,,O,O,,,,
Iraq,,O,O,GAP,O,,
Ireland,,O,O,O,O,,
Israel,,,O,O,,,
Italy,,O,O,O,O,,
Jamaica,,O,GAP,O,GAP,O,
Japan,,O,O,O,O,,
Jordan,,O,O,GAP,O,O,
Kazakhstan,,,O,O,O,,
Kenya,O,O,O,GAP,GAP,O,
Kiribati,,O,O,,,,
Korea,O,GAP,O,GAP,O,,
Kosovo,,O,O,O,GAP,O,
Kuwait,,O,O,GAP,O,O,
Kyrgyz Republic,O,O,O,O,GAP,O,
Lao PDR,,,O,O,,,
Latvia,,O,O,O,O,,
Lebanon,,O,GAP,GAP,O,,
Lesotho,O,GAP,O,O,GAP,O,
Liberia,O,GAP,O,GAP,O,O,
Lithuania,,O,O,O,O,,
Luxembourg,,O,O,O,,,
Madagascar,,O,O,GAP,O,,
Malawi,,,O,O,O,O,
Malaysia,,O,GAP,O,O,O,
Maldives,O?,GAP,O?,O,GAP,O?,
Mali,,O?,GAP,O,O,,
Malta,O,O,O,O,O,,
Mauritania,,,O,O,O,O,
Mauritius,,,O,O,,,
Mexico,,O,O,O,O,O,
Micronesia,,,,,O,,
Moldova,O,O,GAP,GAP,O,O,
Mongolia,,,O,O,O,O,
Montenegro,O,GAP,O,O,O,O,
Morocco,O,O,O,O,O,,
Mozambique,O,GAP,O,O,O,,
Myanmar,,O?,GAP,O,O,O,
Namibia,,O,O,GAP,O,,
Nauru,,,O,GAP,O?,,
Nepal,,,O,GAP,O,O,
Netherlands,O,O,GAP,O,O,,
New Zealand,O,O,GAP,O,O,,
Nicaragua,O,GAP,O,GAP,O,O,
Niger,,O?,GAP,GAP,O,O,
Nigeria,,O,O,GAP,O,O,
North Macedonia,,O,O,GAP,GAP,O,
Norway,,O,O,O,O,,
Pakistan,,O,O,O,O,O,
Palau,,O,GAP,O,,,
Panama,,O,O,O,GAP,O,
Papua New Guinea,,O,GAP,O,O,O,
Paraguay,,O,O,O,GAP,O,
Peru,O,O,O,GAP,O,O,
Philippines,,O,O,O?,O,,
Poland,O,O,O,O,,,
Portugal,O,GAP,O,O,O,,
Qatar,,O,O,O,,,
Republic of Congo,,,,,O,,
Romania,,O,O,O,O,,
Russian Federation,,O,O,O,O,,
Rwanda,O,O,O,GAP,O,O,
Samoa,,,O,GAP,O,O,
San Marino,O,O,O,GAP,O,,
Saudi Arabia,,O,O,O,O,,
Senegal,O,O,O,O,O,,
Serbia,,O,O,O,O,O,
Seychelles,,O,O,O,GAP,O,
Sierra Leone,,O,GAP,GAP,GAP,O,
Singapore,,O,O,O,O,,
Slovak Republic,O,O,GAP,O,O,,
Slovenia,,O,O,O?,,,
Solomon Islands,,O,GAP,O,O,,
Somalia,,,,,O,O,
South Africa,,O,O,O,O,,
South Sudan,,,,,O,GAP,O
Spain,,O,O,O,GAP,O,
Sri Lanka,O,O,O,O,,,
St. Kitts and Nevis,,O,O,,,,
St. Lucia,O,O,GAP,O,O,O,
St. Vincent and the Grenadines,O?,GAP,O,O,GAP,O,
Sudan,,,O,GAP,O,O,
Suriname,,O,GAP,O,O,,
Sweden,,O,O,O,,,
Switzerland,,O,GAP,O,O,,
São Tomé and Príncipe,,,O?,GAP,O,,
Tajikistan,,,,,,O,
Tanzania,O?,O,O,,,,
Thailand,,O,O,O,O,,
Timor-Leste,O,GAP,O,O?,,,
Togo,,,O,O,O,O,
Tonga,,,O,,,,
Trinidad and Tobago,,O,O,O,,,
Tunisia,,O,O,GAP,GAP,O,
Turkey,,O,O,GAP,O,,
Tuvalu,,,O,,,,
Uganda,,,,,O,O,
Ukraine,,O,O,O,,,
United Arab Emirates,,O,O,O,,,
United Kingdom,O,O,O,O,GAP,O,
United States,,O,O,O,O,O,
Uruguay,O,O,O,O,O,,
Uzbekistan,,,,,O,O,
Vanuatu,,O,O,GAP,O,,
Vietnam,,O,O,O,O,,
Zambia,,O?,GAP,GAP,O,,
Zimbabwe,,,,,O,,
