gap_id,country,gap_year,gap_span,gap_span_length,prev_observed_year,prev_report,next_observed_year,next_report,months_between_bounding_reports,n_reports_in_between,reports_in_between,primary_cause,all_causes,boundary_year_uncertain,fill_status,preferred_source_report,preferred_source_col_label,preferred_source_col_status,preferred_source_in_errors_file,n_reports_actual_column_visible,all_actual_source_reports
G0001,Angola,2016,2016,1,2015,Angola_2017-02-06.pdf,2017,Angola_2018-06-11.pdf,16.1,0,,lag_between_consecutive_reports,lag_between_consecutive_reports,False,fillable_actual_column_visible,Angola_2018-06-11.pdf,2016,actual,False,1,Angola_2018-06-11.pdf
G0002,Armenia,2017,2017,1,2016,Republic of Armenia_2017-07-19.pdf,2018,Republic of Armenia_2019-06-05.pdf,22.5,1,Republic of Armenia_2018-12-12.pdf,no_table_report_in_between,no_table_report_in_between,False,fillable_actual_column_visible,Republic of Armenia_2019-06-05.pdf,2017,actual,False,1,Republic of Armenia_2019-06-05.pdf
G0003,Aruba,2017,2017,1,2016,Kingdom of the Netherlands—Aruba_2017-06-15.pdf,2018,Kingdom of the Netherlands—Aruba_2019-06-05.pdf,23.7,0,,lag_between_consecutive_reports,lag_between_consecutive_reports,False,fillable_actual_column_visible,Kingdom of the Netherlands—Aruba_2019-06-05.pdf,2017,actual,False,1,Kingdom of the Netherlands—Aruba_2019-06-05.pdf
G0004,Azerbaijan,2016,2016-2017,2,2015,Republic of Azerbaijan_2016-09-14.pdf,2018,Republic of Azerbaijan_2019-09-18.pdf,36.1,0,,lag_between_consecutive_reports,lag_between_consecutive_reports,False,only_in_merged_range_column,,,,False,0,
G0004,Azerbaijan,2017,2016-2017,2,2015,Republic of Azerbaijan_2016-09-14.pdf,2018,Republic of Azerbaijan_2019-09-18.pdf,36.1,0,,lag_between_consecutive_reports,lag_between_consecutive_reports,False,fillable_actual_column_visible,Republic of Azerbaijan_2019-09-18.pdf,2017,actual,False,1,Republic of Azerbaijan_2019-09-18.pdf
G0005,Bangladesh,2017,2017,1,2016,Bangladesh_2018-06-08.pdf,2018,Bangladesh_2019-09-18.pdf,15.3,0,,lag_between_consecutive_reports,lag_between_consecutive_reports,False,fillable_actual_column_visible,Bangladesh_2019-09-18.pdf,2017,actual,False,2,Bangladesh_2019-09-18.pdf; Bangladesh_2020-06-03.pdf
G0006,Bolivia,2018,2018,1,2017,Bolivia_2018-12-21.pdf,2019,Bolivia_2020-05-29.pdf,17.2,0,,lag_between_consecutive_reports,lag_between_consecutive_reports,False,fillable_actual_column_visible,Bolivia_2020-05-29.pdf,2018,actual,False,1,Bolivia_2020-05-29.pdf
G0007,Bosnia and Herzegovina,2017,2017-2018,2,2016,Bosnia and Herzegovina_2018-02-13.pdf,2019,Bosnia and Herzegovina_2020-04-23.pdf,26.3,0,,lag_between_consecutive_reports,lag_between_consecutive_reports,False,only_in_merged_range_column,,,,False,0,
G0007,Bosnia and Herzegovina,2018,2017-2018,2,2016,Bosnia and Herzegovina_2018-02-13.pdf,2019,Bosnia and Herzegovina_2020-04-23.pdf,26.3,0,,lag_between_consecutive_reports,lag_between_consecutive_reports,False,fillable_actual_column_visible,Bosnia and Herzegovina_2020-04-23.pdf,2018,actual,False,1,Bosnia and Herzegovina_2020-04-23.pdf
G0008,Bulgaria,2017,2017,1,2016,Bulgaria_2018-02-21.pdf,2018,Bulgaria_2019-03-22.pdf,12.9,0,,lag_between_consecutive_reports,lag_between_consecutive_reports,False,fillable_actual_column_visible,Bulgaria_2019-03-22.pdf,2017,actual,False,1,Bulgaria_2019-03-22.pdf
G0009,Burkina Faso,2015,2015,1,2014,Burkina Faso_2016-06-16.pdf,2016,Burkina Faso_2018-03-15.pdf,20.9,2,Burkina Faso_2016-12-22.pdf; Burkina Faso_2017-07-18.pdf,errors_file_report_in_between,errors_file_report_in_between; no_table_report_in_between,False,fillable_actual_column_visible,Burkina Faso_2018-03-15.pdf,2015,actual,False,2,Burkina Faso_2018-03-15.pdf; Burkina Faso_2019-01-22.pdf
G0010,Cabo Verde,2017,2017,1,2016,Cabo Verde_2018-04-18.pdf,2018,Cabo Verde_2019-07-31.pdf,15.4,0,,lag_between_consecutive_reports,lag_between_consecutive_reports,False,fillable_actual_column_visible,Cabo Verde_2019-07-31.pdf,2017,actual,False,2,Cabo Verde_2019-07-31.pdf; Cabo Verde_2020-04-23.pdf
G0011,Cameroon,2016,2016,1,2015,Cameroon_2017-07-05.pdf,2017,Cameroon_2018-07-23.pdf,12.6,1,Cameroon_2018-01-16.pdf,no_table_report_in_between,no_table_report_in_between,False,fillable_actual_column_visible,Cameroon_2018-07-23.pdf,2016,actual,False,4,Cameroon_2018-07-23.pdf; Cameroon_2018-12-27.pdf; Cameroon_2020-02-18.pdf; Cameroon_2020-06-04.pdf
G0012,Central African Republic,2017,2017,1,2016,Central African Republic_2017-12-27.pdf,2018,Central African Republic_2019-07-09.pdf,18.4,1,Central African Republic_2018-07-09.pdf,errors_file_report_in_between,errors_file_report_in_between,False,fillable_actual_column_visible,Central African Republic_2019-07-09.pdf,2017,actual,False,3,Central African Republic_2019-07-09.pdf; Central African Republic_2020-01-13.pdf; Central African Republic_2020-04-28.pdf
G0013,Chad,2018,2018,1,2017,Chad_2019-01-24.pdf,2019,Chad_2020-04-23.pdf,14.9,2,Chad_2019-07-31.pdf; Chad_2019-12-27.pdf,errors_file_report_in_between,errors_file_report_in_between; no_table_report_in_between,False,fillable_actual_column_visible,Chad_2020-04-23.pdf,2018,actual,False,3,Chad_2019-07-31.pdf; Chad_2020-04-23.pdf; Chad_2020-08-05.pdf
G0014,Chile,2016,2016,1,2015,Chile_2016-12-09.pdf,2017,Chile_2018-11-09.pdf,23.0,0,,lag_between_consecutive_reports,lag_between_consecutive_reports,False,fillable_actual_column_visible,Chile_2018-11-09.pdf,2016,actual,False,1,Chile_2018-11-09.pdf
G0015,Chile,2018,2018,1,2017,Chile_2018-11-09.pdf,2019,Chile_2020-05-29.pdf,18.6,0,,lag_between_consecutive_reports,lag_between_consecutive_reports,False,fillable_actual_column_visible,Chile_2020-05-29.pdf,2018,actual,False,1,Chile_2020-05-29.pdf
G0016,Comoros,2016,2016-2017,2,2015,Union of the Comoros_2016-12-22.pdf,2018,Union of the Comoros_2019-08-14.pdf,31.7,1,Union of the Comoros_2018-06-29.pdf,errors_file_report_in_between,errors_file_report_in_between,False,fillable_actual_column_visible,Union of the Comoros_2019-08-14.pdf,2016,actual,False,3,Union of the Comoros_2018-06-29.pdf; Union of the Comoros_2019-08-14.pdf; Union of the Comoros_2020-05-07.pdf
G0016,Comoros,2017,2016-2017,2,2015,Union of the Comoros_2016-12-22.pdf,2018,Union of the Comoros_2019-08-14.pdf,31.7,1,Union of the Comoros_2018-06-29.pdf,errors_file_report_in_between,errors_file_report_in_between,False,fillable_actual_column_visible,Union of the Comoros_2019-08-14.pdf,2017,actual,False,2,Union of the Comoros_2019-08-14.pdf; Union of the Comoros_2020-05-07.pdf
G0017,Costa Rica,2017,2017,1,2016,Costa Rica_2017-06-27.pdf,2018,Costa Rica_2019-04-13.pdf,21.5,0,,lag_between_consecutive_reports,lag_between_consecutive_reports,False,fillable_actual_column_visible,Costa Rica_2019-04-13.pdf,2017,actual,False,1,Costa Rica_2019-04-13.pdf
G0018,Croatia,2018,2018,1,2017,Republic of Croatia_2019-02-12.pdf,2019,Republic of Croatia_2020-02-19.pdf,12.2,0,,lag_between_consecutive_reports,lag_between_consecutive_reports,False,fillable_actual_column_visible,Republic of Croatia_2020-02-19.pdf,2018,actual,False,1,Republic of Croatia_2020-02-19.pdf
G0019,Curaçao and Sint Maarten,2016,2016,1,2015,Kingdom of the Netherlands—Curaçao and Sint Maarten_2016-08-22.pdf,2017,Kingdom of the Netherlands—Curaçao and Sint Maarten_2019-01-25.pdf,29.1,0,,lag_between_consecutive_reports,lag_between_consecutive_reports,False,fillable_actual_column_visible,Kingdom of the Netherlands—Curaçao and Sint Maarten_2019-01-25.pdf,2016,actual,False,1,Kingdom of the Netherlands—Curaçao and Sint Maarten_2019-01-25.pdf
G0020,Curaçao and Sint Maarten,2018,2018,1,2017,Kingdom of the Netherlands—Curaçao and Sint Maarten_2019-01-25.pdf,2019,Kingdom of the Netherlands-Curacao and Sint Maarten_2020-04-01.pdf,14.2,0,,lag_between_consecutive_reports,lag_between_consecutive_reports,False,fillable_actual_column_visible,Kingdom of the Netherlands-Curacao and Sint Maarten_2020-04-01.pdf,2018,actual,False,1,Kingdom of the Netherlands-Curacao and Sint Maarten_2020-04-01.pdf
G0021,Cyprus,2015,2015,1,2014,Cyprus_2016-01-29.pdf,2016,Cyprus_2017-06-08.pdf,16.3,0,,lag_between_consecutive_reports,lag_between_consecutive_reports,False,fillable_actual_column_visible,Cyprus_2017-06-08.pdf,2015,actual,False,2,Cyprus_2017-06-08.pdf; Cyprus_2017-12-14.pdf
G0022,Djibouti,2016,2016-2017,2,2015,Djibouti_2017-04-06.pdf,2018,Djibouti_2019-10-23.pdf,30.6,0,,lag_between_consecutive_reports,lag_between_consecutive_reports,True,fillable_actual_column_visible,Djibouti_2019-10-23.pdf,2016,actual,False,1,Djibouti_2019-10-23.pdf
G0022,Djibouti,2017,2016-2017,2,2015,Djibouti_2017-04-06.pdf,2018,Djibouti_2019-10-23.pdf,30.6,0,,lag_between_consecutive_reports,lag_between_consecutive_reports,True,fillable_actual_column_visible,Djibouti_2019-10-23.pdf,2017,actual,False,2,Djibouti_2019-10-23.pdf; Djibouti_2020-05-12.pdf
G0023,Dominican Republic,2015,2015,1,2014,Dominican Republic_2016-11-10.pdf,2016,Dominican Republic_2017-08-16.pdf,9.2,0,,lag_between_consecutive_reports,lag_between_consecutive_reports,False,fillable_actual_column_visible,Dominican Republic_2017-08-16.pdf,2015,actual,False,2,Dominican Republic_2017-08-16.pdf; Dominican Republic_2018-10-24.pdf
G0024,Dominican Republic,2018,2018,1,2017,Dominican Republic_2019-08-15.pdf,2019,Dominican Republic_2020-05-07.pdf,8.7,0,,lag_between_consecutive_reports,lag_between_consecutive_reports,False,fillable_actual_column_visible,Dominican Republic_2020-05-07.pdf,2018,actual,False,1,Dominican Republic_2020-05-07.pdf
G0025,Ecuador,2016,2016,1,2015,Ecuador_2016-09-09.pdf,2017,Ecuador_2019-03-20.pdf,30.3,0,,lag_between_consecutive_reports,lag_between_consecutive_reports,False,fillable_actual_column_visible,Ecuador_2019-03-20.pdf,2016,actual,False,1,Ecuador_2019-03-20.pdf
G0026,El Salvador,2016,2016,1,2015,El Salvador_2016-07-01.pdf,2017,El Salvador_2018-06-07.pdf,23.2,0,,lag_between_consecutive_reports,lag_between_consecutive_reports,False,fillable_actual_column_visible,El Salvador_2018-06-07.pdf,2016,actual,False,1,El Salvador_2018-06-07.pdf
G0027,Equatorial Guinea,2016,2016-2017,2,2015,Republic of Equatorial Guinea_2016-11-16.pdf,2018,Republic of Equatorial Guinea_2019-12-20.pdf,37.1,1,Republic of Equatorial Guinea_2018-11-12.pdf,no_table_report_in_between,no_table_report_in_between,True,only_in_merged_range_column,,,,False,0,
G0027,Equatorial Guinea,2017,2016-2017,2,2015,Republic of Equatorial Guinea_2016-11-16.pdf,2018,Republic of Equatorial Guinea_2019-12-20.pdf,37.1,1,Republic of Equatorial Guinea_2018-11-12.pdf,no_table_report_in_between,no_table_report_in_between,True,fillable_actual_column_visible,Republic of Equatorial Guinea_2019-12-20.pdf,2017,actual,False,1,Republic of Equatorial Guinea_2019-12-20.pdf
G0028,Estonia,2016,2016,1,2015,Republic of Estonia_2017-01-13.pdf,2017,Republic of Estonia_2018-05-24.pdf,16.3,0,,lag_between_consecutive_reports,lag_between_consecutive_reports,False,fillable_actual_column_visible,Republic of Estonia_2018-05-24.pdf,2016,actual,False,1,Republic of Estonia_2018-05-24.pdf
G0029,Eswatini,2017,2017,1,2016,Kingdom of Swaziland_2017-09-11.pdf,2018,Kingdom of Eswatini_2020-02-11.pdf,29.0,0,,lag_between_consecutive_reports,lag_between_consecutive_reports,False,fillable_actual_column_visible,Kingdom of Eswatini_2020-02-11.pdf,2017,actual,False,1,Kingdom of Eswatini_2020-02-11.pdf
G0030,Ethiopia,2016,2016,1,2015,The Federal Democratic Republic of Ethiopia_2016-10-04.pdf,2017,The Federal Democratic Republic of Ethiopia_2018-01-24.pdf,15.7,0,,lag_between_consecutive_reports,lag_between_consecutive_reports,True,fillable_actual_column_visible,The Federal Democratic Republic of Ethiopia_2018-01-24.pdf,2015/16,actual,False,1,The Federal Democratic Republic of Ethiopia_2018-01-24.pdf
G0031,Fiji,2015,2015,1,2014,Republic of Fiji_2016-02-22.pdf,2016,Republic of Fiji_2018-02-08.pdf,23.6,0,,lag_between_consecutive_reports,lag_between_consecutive_reports,False,fillable_actual_column_visible,Republic of Fiji_2018-02-08.pdf,2015,actual,False,1,Republic of Fiji_2018-02-08.pdf
G0032,Gambia,2017,2017,1,2016,The Gambia_2018-04-04.pdf,2018,The Gambia_2019-05-08.pdf,13.1,1,The Gambia_2018-06-28.pdf,errors_file_report_in_between,errors_file_report_in_between,False,fillable_actual_column_visible,The Gambia_2019-05-08.pdf,2017,actual,False,3,The Gambia_2019-05-08.pdf; The Gambia_2020-04-20.pdf; The Gambia_2020-04-23.pdf
G0033,Ghana,2015,2015,1,2014,Ghana_2016-01-20.pdf,2016,Ghana_2018-05-02.pdf,27.4,2,Ghana_2016-10-03.pdf; Ghana_2017-09-06.pdf,errors_file_report_in_between,errors_file_report_in_between,False,fillable_actual_column_visible,Ghana_2018-05-02.pdf,2015,actual,False,3,Ghana_2017-09-06.pdf; Ghana_2018-05-02.pdf; Ghana_2019-04-05.pdf
G0034,Grenada,2016,2016,1,2015,Grenada_2016-12-21.pdf,2017,Grenada_2018-07-25.pdf,19.1,1,Grenada_2017-05-23.pdf,errors_file_report_in_between,errors_file_report_in_between,False,fillable_actual_column_visible,Grenada_2018-07-25.pdf,2016,actual,False,2,Grenada_2018-07-25.pdf; Grenada_2019-07-03.pdf
G0035,Guatemala,2017,2017,1,2016,Guatemala_2018-06-08.pdf,2018,Guatemala_2019-06-18.pdf,12.3,0,,lag_between_consecutive_reports,lag_between_consecutive_reports,False,fillable_actual_column_visible,Guatemala_2019-06-18.pdf,2017,actual,False,1,Guatemala_2019-06-18.pdf
G0036,Guinea,2016,2016,1,2015,Guinea_2016-04-04.pdf,2017,Guinea_2019-01-28.pdf,33.8,4,Guinea_2016-07-29.pdf; Guinea_2016-11-28.pdf; Guinea_2017-12-19.pdf; Guinea_2018-07-20.pdf,errors_file_report_in_between,errors_file_report_in_between; no_table_report_in_between,False,fillable_actual_column_visible,Guinea_2019-01-28.pdf,2016,actual,False,3,Guinea_2018-07-20.pdf; Guinea_2019-01-28.pdf; Guinea_2019-08-23.pdf
G0037,Guinea-Bissau,2016,2016,1,2015,Guinea-Bissau_2016-12-28.pdf,2017,Guinea-Bissau_2018-06-06.pdf,17.2,2,Guinea-Bissau_2017-07-20.pdf; Guinea-Bissau_2017-12-18.pdf,errors_file_report_in_between,errors_file_report_in_between; no_table_report_in_between,False,fillable_actual_column_visible,Guinea-Bissau_2018-06-06.pdf,2016,actual,False,1,Guinea-Bissau_2018-06-06.pdf
G0038,Guyana,2017,2017,1,2016,Guyana_2017-06-28.pdf,2018,Guyana_2019-09-17.pdf,26.6,1,Guyana_2018-07-16.pdf,errors_file_report_in_between,errors_file_report_in_between,False,fillable_actual_column_visible,Guyana_2019-09-17.pdf,2017,actual,False,1,Guyana_2019-09-17.pdf
G0039,Haiti,2016,2016-2018,3,2015,Haiti_2017-02-06.pdf,2019,Haiti_2020-04-20_CR2020-121.pdf,38.4,0,,lag_between_consecutive_reports,lag_between_consecutive_reports,False,only_preliminary_or_estimate,Haiti_2017-02-06.pdf,2016,estimate,False,0,
G0039,Haiti,2017,2016-2018,3,2015,Haiti_2017-02-06.pdf,2019,Haiti_2020-04-20_CR2020-121.pdf,38.4,0,,lag_between_consecutive_reports,lag_between_consecutive_reports,False,fillable_actual_column_visible,Haiti_2020-04-20_CR2020-121.pdf,2017,actual,False,2,Haiti_2020-04-20_CR2020-121.pdf; Haiti_2020-04-20_CR2020-123.pdf
G0039,Haiti,2018,2016-2018,3,2015,Haiti_2017-02-06.pdf,2019,Haiti_2020-04-20_CR2020-121.pdf,38.4,0,,lag_between_consecutive_reports,lag_between_consecutive_reports,False,fillable_actual_column_visible,Haiti_2020-04-20_CR2020-121.pdf,2018,actual,False,2,Haiti_2020-04-20_CR2020-121.pdf; Haiti_2020-04-20_CR2020-123.pdf
G0040,Hungary,2016,2016,1,2015,Hungary_2017-05-12.pdf,2017,Hungary_2018-08-03.pdf,14.7,0,,lag_between_consecutive_reports,lag_between_consecutive_reports,False,fillable_actual_column_visible,Hungary_2018-08-03.pdf,2016,actual,False,1,Hungary_2018-08-03.pdf
G0041,India,2016,2016,1,2015,India_2017-02-22.pdf,2017,India_2018-08-06.pdf,17.4,0,,lag_between_consecutive_reports,lag_between_consecutive_reports,False,fillable_actual_column_visible,India_2018-08-06.pdf,2016,actual,False,1,India_2018-08-06.pdf
G0042,Indonesia,2017,2017,1,2016,Indonesia_2018-02-06.pdf,2018,Indonesia_2019-07-31.pdf,17.7,0,,lag_between_consecutive_reports,lag_between_consecutive_reports,False,fillable_actual_column_visible,Indonesia_2019-07-31.pdf,2017,actual,False,1,Indonesia_2019-07-31.pdf
G0043,Iraq,2017,2017,1,2016,Iraq_2017-08-09.pdf,2018,Iraq_2019-07-26.pdf,23.5,0,,lag_between_consecutive_reports,lag_between_consecutive_reports,False,fillable_actual_column_visible,Iraq_2019-07-26.pdf,2017,actual,False,1,Iraq_2019-07-26.pdf
G0044,Jamaica,2016,2016,1,2015,Jamaica_2016-11-15.pdf,2017,Jamaica_2018-04-16.pdf,17.0,1,Jamaica_2017-11-02.pdf,no_table_report_in_between,no_table_report_in_between,False,fillable_actual_column_visible,Jamaica_2018-04-16.pdf,2016,actual,False,2,Jamaica_2018-04-16.pdf; Jamaica_2019-04-23.pdf
G0045,Jamaica,2018,2018,1,2017,Jamaica_2019-04-23.pdf,2019,Jamaica_2020-05-18.pdf,12.8,1,Jamaica_2019-11-07.pdf,no_table_report_in_between,no_table_report_in_between,False,fillable_actual_column_visible,Jamaica_2020-05-18.pdf,2018,actual,False,1,Jamaica_2020-05-18.pdf
G0046,Jordan,2017,2017,1,2016,Jordan_2017-07-24.pdf,2018,Jordan_2019-05-15.pdf,21.7,0,,lag_between_consecutive_reports,lag_between_consecutive_reports,False,fillable_actual_column_visible,Jordan_2019-05-15.pdf,2017,actual,False,1,Jordan_2019-05-15.pdf
G0047,Kenya,2017,2017-2018,2,2016,Kenya_2018-10-23.pdf,2019,Republic of Kenya_2020-05-11.pdf,18.6,0,,lag_between_consecutive_reports,lag_between_consecutive_reports,False,fillable_actual_column_visible,Republic of Kenya_2020-05-11.pdf,2017,actual,False,1,Republic of Kenya_2020-05-11.pdf
G0047,Kenya,2018,2017-2018,2,2016,Kenya_2018-10-23.pdf,2019,Republic of Kenya_2020-05-11.pdf,18.6,0,,lag_between_consecutive_reports,lag_between_consecutive_reports,False,fillable_actual_column_visible,Republic of Kenya_2020-05-11.pdf,2018,actual,False,1,Republic of Kenya_2020-05-11.pdf
G0048,Korea,2015,2015,1,2014,Republic of Korea_2016-08-26.pdf,2016,Republic of Korea_2018-02-13.pdf,17.6,0,,lag_between_consecutive_reports,lag_between_consecutive_reports,False,fillable_actual_column_visible,Republic of Korea_2018-02-13.pdf,2015,actual,False,1,Republic of Korea_2018-02-13.pdf
G0049,Korea,2017,2017,1,2016,Republic of Korea_2018-02-13.pdf,2018,Republic of Korea_2019-05-13.pdf,14.9,0,,lag_between_consecutive_reports,lag_between_consecutive_reports,False,fillable_actual_column_visible,Republic of Korea_2019-05-13.pdf,2017,actual,False,1,Republic of Korea_2019-05-13.pdf
G0050,Kosovo,2018,2018,1,2017,Republic of Kosovo_2018-12-18.pdf,2019,Republic of Kosovo_2020-04-16.pdf,15.9,0,,lag_between_consecutive_reports,lag_between_consecutive_reports,False,fillable_actual_column_visible,Republic of Kosovo_2020-04-16.pdf,2018,actual,False,1,Republic of Kosovo_2020-04-16.pdf
G0051,Kuwait,2017,2017,1,2016,Kuwait_2018-01-26.pdf,2018,Kuwait_2019-04-02.pdf,14.2,0,,lag_between_consecutive_reports,lag_between_consecutive_reports,False,fillable_actual_column_visible,Kuwait_2019-04-02.pdf,2017,actual,False,1,Kuwait_2019-04-02.pdf
G0052,Kyrgyz Republic,2018,2018,1,2017,Kyrgyz Republic_2019-07-03.pdf,2019,Kyrgyz Republic_2020-03-27.pdf,8.8,0,,lag_between_consecutive_reports,lag_between_consecutive_reports,False,fillable_actual_column_visible,Kyrgyz Republic_2020-03-27.pdf,2018,actual,False,1,Kyrgyz Republic_2020-03-27.pdf
G0053,Lebanon,2016,2016-2017,2,2015,Lebanon_2017-01-24.pdf,2018,Lebanon_2019-10-17.pdf,32.7,0,,lag_between_consecutive_reports,lag_between_consecutive_reports,False,only_in_merged_range_column,,,,False,0,
G0053,Lebanon,2017,2016-2017,2,2015,Lebanon_2017-01-24.pdf,2018,Lebanon_2019-10-17.pdf,32.7,0,,lag_between_consecutive_reports,lag_between_consecutive_reports,False,fillable_actual_column_visible,Lebanon_2019-10-17.pdf,2017,actual,False,1,Lebanon_2019-10-17.pdf
G0054,Lesotho,2015,2015,1,2014,Kingdom of Lesotho_2016-02-03.pdf,2016,Kingdom of Lesotho_2018-02-28.pdf,24.8,0,,lag_between_consecutive_reports,lag_between_consecutive_reports,False,fillable_actual_column_visible,Kingdom of Lesotho_2018-02-28.pdf,2015,actual,False,1,Kingdom of Lesotho_2018-02-28.pdf
G0055,Lesotho,2018,2018,1,2017,Kingdom of Lesotho_2019-04-30.pdf,2019,Kingdom of Lesotho_2020-07-30.pdf,15.0,0,,lag_between_consecutive_reports,lag_between_consecutive_reports,False,only_projection,,,,False,0,
G0056,Liberia,2015,2015,1,2014,Liberia_2016-12-22.pdf,2016,Liberia_2017-11-20.pdf,10.9,0,,lag_between_consecutive_reports,lag_between_consecutive_reports,False,fillable_actual_column_visible,Liberia_2017-11-20.pdf,2015,actual,False,2,Liberia_2017-11-20.pdf; Liberia_2018-06-15.pdf
G0057,Liberia,2017,2017,1,2016,Liberia_2017-11-20.pdf,2018,Liberia_2019-06-19.pdf,18.9,1,Liberia_2018-06-15.pdf,errors_file_report_in_between,errors_file_report_in_between,False,fillable_actual_column_visible,Liberia_2019-06-19.pdf,2017,actual,False,3,Liberia_2019-06-19.pdf; Liberia_2019-12-20.pdf; Liberia_2020-06-12.pdf
G0058,Madagascar,2017,2017,1,2016,Republic of Madagascar_2017-07-18.pdf,2018,Republic of Madagascar_2019-08-01.pdf,24.4,3,Republic of Madagascar_2017-12-18.pdf; Republic of Madagascar_2018-07-25.pdf; Republic of Madagascar_2019-03-29.pdf,errors_file_report_in_between,errors_file_report_in_between; no_table_report_in_between,False,fillable_actual_column_visible,Republic of Madagascar_2019-08-01.pdf,2017,actual,False,4,Republic of Madagascar_2019-08-01.pdf; Republic of Madagascar_2020-03-02.pdf; Republic of Madagascar_2020-04-10.pdf; Republic of Madagascar_2020-08-27.pdf
G0059,Malaysia,2016,2016,1,2015,Malaysia_2017-04-28.pdf,2017,Malaysia_2018-03-07.pdf,10.3,0,,lag_between_consecutive_reports,lag_between_consecutive_reports,False,fillable_actual_column_visible,Malaysia_2018-03-07.pdf,2016,actual,False,1,Malaysia_2018-03-07.pdf
G0060,Maldives,2015,2015,1,2014,Maldives_2016-05-31.pdf,2016,Maldives_2017-12-01.pdf,18.0,0,,lag_between_consecutive_reports,lag_between_consecutive_reports,True,fillable_actual_column_visible,Maldives_2017-12-01.pdf,2015,actual,False,2,Maldives_2017-12-01.pdf; Maldives_2019-06-10.pdf
G0061,Maldives,2018,2018,1,2017,Maldives_2019-06-10.pdf,2019,Maldives_2020-04-23.pdf,10.4,5,Maldives_2019-09-03_CR2019-279.pdf; Maldives_2019-09-03_CR2019-280.pdf; Maldives_2019-09-03_CR2019-281.pdf; Maldives_2019-09-03_CR2019-282.pdf; Maldives_2019-09-03_CR2019-283.pdf,no_table_report_in_between,no_table_report_in_between,True,fillable_actual_column_visible,Maldives_2020-04-23.pdf,2018,actual,False,1,Maldives_2020-04-23.pdf
G0062,Mali,2016,2016,1,2015,Mali_2016-12-07.pdf,2017,Mali_2018-05-31.pdf,17.7,1,Mali_2017-07-12.pdf,errors_file_report_in_between,errors_file_report_in_between,True,fillable_actual_column_visible,Mali_2018-05-31.pdf,2016,actual,False,2,Mali_2018-05-31.pdf; Mali_2019-09-05.pdf
G0063,Moldova,2016,2016-2017,2,2015,Republic of Moldova_2016-11-09.pdf,2018,Republic of Moldova_2020-03-18.pdf,40.2,4,Republic of Moldova_2017-05-01.pdf; Republic of Moldova_2017-12-21.pdf; Republic of Moldova_2018-07-05.pdf; Republic of Moldova_2019-09-25.pdf,errors_file_report_in_between,errors_file_report_in_between; no_table_report_in_between,False,only_preliminary_or_estimate,Republic of Moldova_2016-11-09.pdf,2016,estimate,False,0,
G0063,Moldova,2017,2016-2017,2,2015,Republic of Moldova_2016-11-09.pdf,2018,Republic of Moldova_2020-03-18.pdf,40.2,4,Republic of Moldova_2017-05-01.pdf; Republic of Moldova_2017-12-21.pdf; Republic of Moldova_2018-07-05.pdf; Republic of Moldova_2019-09-25.pdf,errors_file_report_in_between,errors_file_report_in_between; no_table_report_in_between,False,only_projection,,,,False,0,
G0064,Montenegro,2015,2015,1,2014,Montenegro_2016-03-08.pdf,2016,Montenegro_2017-09-14.pdf,18.2,0,,lag_between_consecutive_reports,lag_between_consecutive_reports,False,fillable_actual_column_visible,Montenegro_2017-09-14.pdf,2015,actual,False,1,Montenegro_2017-09-14.pdf
G0065,Mozambique,2015,2015,1,2014,Republic of Mozambique_2016-01-08.pdf,2016,Republic of Mozambique_2018-03-07.pdf,25.9,0,,lag_between_consecutive_reports,lag_between_consecutive_reports,False,fillable_actual_column_visible,Republic of Mozambique_2018-03-07.pdf,2015,actual,False,2,Republic of Mozambique_2018-03-07.pdf; Republic of Mozambique_2019-05-16.pdf
G0066,Myanmar,2016,2016,1,2015,Myanmar_2017-02-02.pdf,2017,Myanmar_2019-04-10.pdf,26.2,1,Myanmar_2018-03-28.pdf,errors_file_report_in_between,errors_file_report_in_between,True,fillable_actual_column_visible,Myanmar_2019-04-10.pdf,2016,actual,False,2,Myanmar_2019-04-10.pdf; Myanmar_2020-03-26.pdf
G0067,Namibia,2017,2017,1,2016,Namibia_2018-02-28.pdf,2018,Namibia_2019-09-13.pdf,18.5,0,,lag_between_consecutive_reports,lag_between_consecutive_reports,False,fillable_actual_column_visible,Namibia_2019-09-13.pdf,2017,actual,False,1,Namibia_2019-09-13.pdf
G0068,Nauru,2017,2017,1,2016,Republic of Nauru_2017-04-03.pdf,2018,Republic of Nauru_2020-01-29.pdf,33.9,0,,lag_between_consecutive_reports,lag_between_consecutive_reports,True,fillable_actual_column_visible,Republic of Nauru_2020-01-29.pdf,2017,actual,False,1,Republic of Nauru_2020-01-29.pdf
G0069,Nepal,2017,2017,1,2016,Nepal_2017-03-27.pdf,2018,Nepal_2019-02-17.pdf,22.7,0,,lag_between_consecutive_reports,lag_between_consecutive_reports,False,only_preliminary_or_estimate,Nepal_2017-03-27.pdf,2016/17,estimate,False,0,
G0070,Netherlands,2016,2016,1,2015,Kingdom of the Netherlands—Netherlands_2017-04-03.pdf,2017,Kingdom of the Netherlands—Netherlands_2018-05-28.pdf,13.8,0,,lag_between_consecutive_reports,lag_between_consecutive_reports,False,fillable_actual_column_visible,Kingdom of the Netherlands—Netherlands_2018-05-28.pdf,2016,actual,False,1,Kingdom of the Netherlands—Netherlands_2018-05-28.pdf
G0071,New Zealand,2016,2016,1,2015,New Zealand_2017-05-08.pdf,2017,New Zealand_2018-07-03.pdf,13.8,0,,lag_between_consecutive_reports,lag_between_consecutive_reports,False,fillable_actual_column_visible,New Zealand_2018-07-03.pdf,2016,actual,False,1,New Zealand_2018-07-03.pdf
G0072,Nicaragua,2015,2015,1,2014,Nicaragua_2016-02-04.pdf,2016,Nicaragua_2017-06-27.pdf,16.7,0,,lag_between_consecutive_reports,lag_between_consecutive_reports,False,fillable_actual_column_visible,Nicaragua_2017-06-27.pdf,2015,actual,False,1,Nicaragua_2017-06-27.pdf
G0073,Nicaragua,2017,2017,1,2016,Nicaragua_2017-06-27.pdf,2018,Nicaragua_2020-02-27.pdf,32.0,0,,lag_between_consecutive_reports,lag_between_consecutive_reports,False,fillable_actual_column_visible,Nicaragua_2020-02-27.pdf,2017,actual,False,2,Nicaragua_2020-02-27.pdf; Nicaragua_2020-11-20.pdf
G0074,Niger,2016,2016-2017,2,2015,Niger_2017-02-24.pdf,2018,Niger_2019-07-22.pdf,28.8,2,Niger_2017-12-20.pdf; Niger_2018-06-12.pdf,no_table_report_in_between,no_table_report_in_between,True,fillable_actual_column_visible,Niger_2019-07-22.pdf,2016,actual,False,1,Niger_2019-07-22.pdf
G0074,Niger,2017,2016-2017,2,2015,Niger_2017-02-24.pdf,2018,Niger_2019-07-22.pdf,28.8,2,Niger_2017-12-20.pdf; Niger_2018-06-12.pdf,no_table_report_in_between,no_table_report_in_between,True,fillable_actual_column_visible,Niger_2019-07-22.pdf,2017,actual,False,3,Niger_2019-07-22.pdf; Niger_2020-04-23.pdf; Niger_2020-11-03.pdf
G0075,Nigeria,2017,2017,1,2016,Nigeria_2018-03-07.pdf,2018,Nigeria_2019-04-01.pdf,12.8,0,,lag_between_consecutive_reports,lag_between_consecutive_reports,False,fillable_actual_column_visible,Nigeria_2019-04-01.pdf,2017,actual,False,1,Nigeria_2019-04-01.pdf
G0076,North Macedonia,2017,2017-2018,2,2016,Former Yugoslav Republic of Macedonia_2017-11-22.pdf,2019,Republic of North Macedonia_2020-04-21.pdf,28.9,2,Former Yugoslav Republic of Macedonia_2019-01-29.pdf; Republic of North Macedonia_2020-01-27.pdf,errors_file_report_in_between,errors_file_report_in_between,False,fillable_actual_column_visible,Former Yugoslav Republic of Macedonia_2019-01-29.pdf,2017,actual,True,2,Former Yugoslav Republic of Macedonia_2019-01-29.pdf; Republic of North Macedonia_2020-01-27.pdf
G0076,North Macedonia,2018,2017-2018,2,2016,Former Yugoslav Republic of Macedonia_2017-11-22.pdf,2019,Republic of North Macedonia_2020-04-21.pdf,28.9,2,Former Yugoslav Republic of Macedonia_2019-01-29.pdf; Republic of North Macedonia_2020-01-27.pdf,errors_file_report_in_between,errors_file_report_in_between,False,fillable_actual_column_visible,Republic of North Macedonia_2020-04-21.pdf,2018,actual,False,2,Republic of North Macedonia_2020-01-27.pdf; Republic of North Macedonia_2020-04-21.pdf
G0077,Palau,2016,2016,1,2015,Republic of Palau_2016-10-19.pdf,2017,Republic of Palau_2019-02-05.pdf,27.6,0,,lag_between_consecutive_reports,lag_between_consecutive_reports,False,fillable_actual_column_visible,Republic of Palau_2019-02-05.pdf,2016,actual,False,1,Republic of Palau_2019-02-05.pdf
G0078,Panama,2018,2018,1,2017,Panama_2019-01-17.pdf,2019,Panama_2020-04-21.pdf,15.1,0,,lag_between_consecutive_reports,lag_between_consecutive_reports,False,fillable_actual_column_visible,Panama_2020-04-21.pdf,2018,actual,False,2,Panama_2020-04-21.pdf; Panama_2020-05-01.pdf
G0079,Papua New Guinea,2016,2016,1,2015,Papua New Guinea_2017-01-30.pdf,2017,Papua New Guinea_2018-12-03.pdf,22.1,1,Papua New Guinea_2017-12-29.pdf,errors_file_report_in_between,errors_file_report_in_between,False,fillable_actual_column_visible,Papua New Guinea_2018-12-03.pdf,2016,actual,False,2,Papua New Guinea_2018-12-03.pdf; Papua New Guinea_2020-04-06.pdf
G0080,Paraguay,2018,2018,1,2017,Paraguay_2019-04-30.pdf,2019,Paraguay_2020-04-22.pdf,11.8,0,,lag_between_consecutive_reports,lag_between_consecutive_reports,False,fillable_actual_column_visible,Paraguay_2020-04-22.pdf,2018,actual,False,1,Paraguay_2020-04-22.pdf
G0081,Peru,2017,2017,1,2016,Peru_2018-07-25.pdf,2018,Peru_2020-01-13.pdf,17.6,0,,lag_between_consecutive_reports,lag_between_consecutive_reports,False,fillable_actual_column_visible,Peru_2020-01-13.pdf,2017,actual,False,1,Peru_2020-01-13.pdf
G0082,Portugal,2015,2015,1,2014,Portugal_2016-09-22_CR2016-300.pdf,2016,Portugal_2017-09-15.pdf,11.8,1,Portugal_2017-02-22.pdf,errors_file_report_in_between,errors_file_report_in_between,False,fillable_actual_column_visible,Portugal_2017-09-15.pdf,2015,actual,False,2,Portugal_2017-02-22.pdf; Portugal_2017-09-15.pdf
G0083,Rwanda,2017,2017,1,2016,Rwanda_2017-07-13.pdf,2018,Rwanda_2019-07-03.pdf,23.7,3,Rwanda_2017-11-30.pdf; Rwanda_2018-01-18.pdf; Rwanda_2018-11-30.pdf,no_table_report_in_between,no_table_report_in_between,False,fillable_actual_column_visible,Rwanda_2019-07-03.pdf,2017,actual,False,3,Rwanda_2019-07-03.pdf; Rwanda_2020-04-16.pdf; Rwanda_2020-06-18.pdf
G0084,Samoa,2017,2017,1,2016,Samoa_2018-06-04.pdf,2018,Samoa_2019-05-17.pdf,11.4,0,,lag_between_consecutive_reports,lag_between_consecutive_reports,False,fillable_actual_column_visible,Samoa_2019-05-17.pdf,2017,actual,False,2,Samoa_2019-05-17.pdf; Samoa_2020-04-28.pdf
G0085,San Marino,2017,2017,1,2016,Republic of San Marino_2018-04-11.pdf,2018,Republic of San Marino_2019-03-25.pdf,11.4,0,,lag_between_consecutive_reports,lag_between_consecutive_reports,False,fillable_actual_column_visible,Republic of San Marino_2019-03-25.pdf,2017,actual,False,1,Republic of San Marino_2019-03-25.pdf
G0086,Seychelles,2018,2018,1,2017,Seychelles_2019-01-07.pdf,2019,Seychelles_2020-05-19.pdf,16.4,1,Seychelles_2019-07-01.pdf,no_table_report_in_between,no_table_report_in_between,False,fillable_actual_column_visible,Seychelles_2020-05-19.pdf,2018,actual,False,1,Seychelles_2020-05-19.pdf
G0087,Sierra Leone,2016,2016-2018,3,2015,Sierra Leone_2017-06-22.pdf,2019,Sierra Leone_2020-06-10.pdf,35.6,1,Sierra Leone_2019-07-09.pdf,no_table_report_in_between,no_table_report_in_between,False,only_preliminary_or_estimate,Sierra Leone_2017-06-22.pdf,2016,estimate,False,0,
G0087,Sierra Leone,2017,2016-2018,3,2015,Sierra Leone_2017-06-22.pdf,2019,Sierra Leone_2020-06-10.pdf,35.6,1,Sierra Leone_2019-07-09.pdf,no_table_report_in_between,no_table_report_in_between,False,only_projection,,,,False,0,
G0087,Sierra Leone,2018,2016-2018,3,2015,Sierra Leone_2017-06-22.pdf,2019,Sierra Leone_2020-06-10.pdf,35.6,1,Sierra Leone_2019-07-09.pdf,no_table_report_in_between,no_table_report_in_between,False,only_projection,,,,False,0,
G0088,Slovak Republic,2016,2016,1,2015,Slovak Republic_2017-03-23.pdf,2017,Slovak Republic_2018-07-26.pdf,16.1,0,,lag_between_consecutive_reports,lag_between_consecutive_reports,False,fillable_actual_column_visible,Slovak Republic_2018-07-26.pdf,2016,actual,False,1,Slovak Republic_2018-07-26.pdf
G0089,Solomon Islands,2016,2016,1,2015,Solomon Islands_2016-03-23.pdf,2017,Solomon Islands_2018-11-08.pdf,31.5,1,Solomon Islands_2018-03-05.pdf,errors_file_report_in_between,errors_file_report_in_between,False,fillable_actual_column_visible,Solomon Islands_2018-11-08.pdf,2016,actual,False,3,Solomon Islands_2018-11-08.pdf; Solomon Islands_2020-02-18.pdf; Solomon Islands_2020-06-04.pdf
G0090,South Sudan,2019,2019,1,2018,South Sudan_2019-06-04.pdf,2020,Republic of South Sudan_2020-11-16.pdf,17.4,0,,lag_between_consecutive_reports,lag_between_consecutive_reports,False,only_projection,,,,False,0,
G0091,Spain,2018,2018,1,2017,Spain_2018-11-21.pdf,2019,Spain_2020-11-13.pdf,23.8,0,,lag_between_consecutive_reports,lag_between_consecutive_reports,False,fillable_actual_column_visible,Spain_2020-11-13.pdf,2018,actual,False,1,Spain_2020-11-13.pdf
G0092,St. Lucia,2016,2016,1,2015,St. Lucia_2017-03-31.pdf,2017,St. Lucia_2018-06-20.pdf,14.7,0,,lag_between_consecutive_reports,lag_between_consecutive_reports,False,fillable_actual_column_visible,St. Lucia_2018-06-20.pdf,2016,actual,False,1,St. Lucia_2018-06-20.pdf
G0093,St. Vincent and the Grenadines,2015,2015,1,2014,St. Vincent and the Grenadines_2016-07-19.pdf,2016,St. Vincent and the Grenadines_2017-12-21.pdf,17.1,0,,lag_between_consecutive_reports,lag_between_consecutive_reports,True,fillable_actual_column_visible,St. Vincent and the Grenadines_2017-12-21.pdf,2015,actual,False,2,St. Vincent and the Grenadines_2017-12-21.pdf; St. Vincent and the Grenadines_2019-02-25.pdf
G0094,St. Vincent and the Grenadines,2018,2018,1,2017,St. Vincent and the Grenadines_2019-02-25.pdf,2019,St. Vincent and the Grenadines_2020-05-29.pdf,15.1,0,,lag_between_consecutive_reports,lag_between_consecutive_reports,False,fillable_actual_column_visible,St. Vincent and the Grenadines_2020-05-29.pdf,2018,actual,False,1,St. Vincent and the Grenadines_2020-05-29.pdf
G0095,Sudan,2017,2017,1,2016,Sudan_2017-12-11.pdf,2018,Sudan_2020-03-10.pdf,26.9,0,,lag_between_consecutive_reports,lag_between_consecutive_reports,False,fillable_actual_column_visible,Sudan_2020-03-10.pdf,2017,actual,False,2,Sudan_2020-03-10.pdf; Sudan_2020-10-23.pdf
G0096,Suriname,2016,2016,1,2015,Suriname_2016-06-07.pdf,2017,Suriname_2018-12-20.pdf,30.4,0,,lag_between_consecutive_reports,lag_between_consecutive_reports,False,fillable_actual_column_visible,Suriname_2018-12-20.pdf,2016,actual,False,1,Suriname_2018-12-20.pdf
G0097,Switzerland,2016,2016,1,2015,Switzerland_2016-12-15.pdf,2017,Switzerland_2018-06-18.pdf,18.1,0,,lag_between_consecutive_reports,lag_between_consecutive_reports,False,fillable_actual_column_visible,Switzerland_2018-06-18.pdf,2016,actual,False,1,Switzerland_2018-06-18.pdf
G0098,São Tomé and Príncipe,2017,2017,1,2016,Democratic Republic of São Tomé and Príncipe_2017-12-18.pdf,2018,Democratic Republic of Sao Tome and Principe_2019-10-29.pdf,22.3,0,,lag_between_consecutive_reports,lag_between_consecutive_reports,True,fillable_actual_column_visible,Democratic Republic of Sao Tome and Principe_2019-10-29.pdf,2017,actual,False,1,Democratic Republic of Sao Tome and Principe_2019-10-29.pdf
G0099,Timor-Leste,2015,2015,1,2014,Republic of Timor-Leste_2016-06-24.pdf,2016,Democratic Republic of Timor-Leste_2017-12-07.pdf,17.4,0,,lag_between_consecutive_reports,lag_between_consecutive_reports,False,fillable_actual_column_visible,Democratic Republic of Timor-Leste_2017-12-07.pdf,2015,actual,False,2,Democratic Republic of Timor-Leste_2017-12-07.pdf; Democratic Republic of Timor-Leste_2019-05-07.pdf
G0100,Tunisia,2017,2017-2018,2,2016,Tunisia_2017-07-10.pdf,2019,Tunisia_2020-04-14.pdf,33.1,1,Tunisia_2018-10-08.pdf,no_table_report_in_between,no_table_report_in_between,False,only_in_merged_range_column,,,,False,0,
G0100,Tunisia,2018,2017-2018,2,2016,Tunisia_2017-07-10.pdf,2019,Tunisia_2020-04-14.pdf,33.1,1,Tunisia_2018-10-08.pdf,no_table_report_in_between,no_table_report_in_between,False,fillable_actual_column_visible,Tunisia_2020-04-14.pdf,2018,actual,False,1,Tunisia_2020-04-14.pdf
G0101,Turkey,2017,2017,1,2016,Turkey_2018-04-30.pdf,2018,Turkey_2019-12-26.pdf,19.9,0,,lag_between_consecutive_reports,lag_between_consecutive_reports,False,fillable_actual_column_visible,Turkey_2019-12-26.pdf,2017,actual,False,1,Turkey_2019-12-26.pdf
G0102,United Kingdom,2018,2018,1,2017,United Kingdom_2018-11-14.pdf,2019,United Kingdom_2020-12-18.pdf,25.1,0,,lag_between_consecutive_reports,lag_between_consecutive_reports,False,fillable_actual_column_visible,United Kingdom_2020-12-18.pdf,2018,actual,False,1,United Kingdom_2020-12-18.pdf
G0103,Vanuatu,2017,2017,1,2016,Vanuatu_2018-04-26.pdf,2018,Vanuatu_2019-06-13.pdf,13.6,0,,lag_between_consecutive_reports,lag_between_consecutive_reports,False,fillable_actual_column_visible,Vanuatu_2019-06-13.pdf,2017,actual,False,1,Vanuatu_2019-06-13.pdf
G0104,Zambia,2016,2016-2017,2,2015,Zambia_2017-10-25.pdf,2018,Zambia_2019-08-02.pdf,21.2,0,,lag_between_consecutive_reports,lag_between_consecutive_reports,True,fillable_actual_column_visible,Zambia_2019-08-02.pdf,2016,actual,False,1,Zambia_2019-08-02.pdf
G0104,Zambia,2017,2016-2017,2,2015,Zambia_2017-10-25.pdf,2018,Zambia_2019-08-02.pdf,21.2,0,,lag_between_consecutive_reports,lag_between_consecutive_reports,True,fillable_actual_column_visible,Zambia_2019-08-02.pdf,2017,actual,False,1,Zambia_2019-08-02.pdf
