pdf_file_name,reason
Albania_2016-02-24.pdf,Step 1 found no DSA table
Albania_2016-09-09.pdf,Step 1 found no DSA table
Albania_2017-02-28.pdf,Step 1 found no DSA table
Arab Republic of Egypt_2017-01-18.pdf,Step 1 found no DSA table
Armenia_2019-12-30.pdf,Step 1 found no DSA table
Austria_2020-02-03.pdf,Step 1 found no DSA table
Brunei Darussalam_2019-10-10.pdf,Step 1 found no DSA table
Bulgaria_2017-05-23.pdf,Step 1 found no DSA table
Burkina Faso_2017-07-18.pdf,Step 1 found no DSA table
Burkina Faso_2019-07-31.pdf,Step 1 found no DSA table
Burundi_2020-07-27.pdf,Step 1 found no DSA table
Cameroon_2018-01-16.pdf,Step 1 found no DSA table
Cameroon_2019-07-25.pdf,Step 1 found no DSA table
Chad_2019-12-27.pdf,Step 1 found no DSA table
Cote d'Ivoire_2019-07-01.pdf,Step 1 found no DSA table
Côte d’Ivoire_2016-06-10.pdf,Step 1 found no DSA table
Democratic Republic of São Tomé and Príncipe_2016-12-20.pdf,Step 1 found no DSA table
Ecuador_2019-07-03.pdf,Step 1 found no DSA table
Gabon_2017-12-28.pdf,Step 1 found no DSA table
Gabon_2019-01-22.pdf,Step 1 found no DSA table
Greece_2017-02-07_CR2017-044.pdf,Step 1 found no DSA table
Guinea-Bissau_2017-07-20.pdf,Step 1 found no DSA table
Guinea_2016-07-29.pdf,Step 1 found no DSA table
Guinea_2016-11-28.pdf,Step 1 found no DSA table
Honduras_2019-12-20.pdf,Step 1 found no DSA table
Honduras_2020-12-16.pdf,Step 1 found no DSA table
Iraq_2016-01-12.pdf,Step 1 found no DSA table
Ireland_2016-01-19.pdf,Step 1 found no DSA table
Ireland_2017-02-03.pdf,Step 1 found no DSA table
Islamic Republic of Afghanistan_2016-05-13.pdf,Step 1 found no DSA table
Islamic Republic of Afghanistan_2018-05-29.pdf,Step 1 found no DSA table
Islamic Republic of Afghanistan_2019-06-10.pdf,Step 1 found no DSA table
Islamic Republic of Mauritania_2018-05-30.pdf,Step 1 found no DSA table
Islamic Republic of Mauritania_2020-12-11.pdf,Step 1 found no DSA table
Jamaica_2016-09-19.pdf,Step 1 found no DSA table
Jamaica_2017-11-02.pdf,Step 1 found no DSA table
Jamaica_2018-11-07.pdf,Step 1 found no DSA table
Jamaica_2019-11-07.pdf,Step 1 found no DSA table
Kenya_2016-02-02.pdf,Step 1 found no DSA table
Kenya_2018-03-16.pdf,Step 1 found no DSA table
Kyrgyz Republic_2020-05-12.pdf,Step 1 found no DSA table
Malawi_2016-05-17.pdf,Step 1 found no DSA table
Maldives_2019-09-03_CR2019-279.pdf,Step 1 found no DSA table
Maldives_2019-09-03_CR2019-280.pdf,Step 1 found no DSA table
Mali_2016-06-13.pdf,Step 1 found no DSA table
Mali_2018-12-12.pdf,Step 1 found no DSA table
Mali_2020-01-16.pdf,Step 1 found no DSA table
Mexico_2016-05-27.pdf,Step 1 found no DSA table
Morocco_2016-02-08_CR2016-038.pdf,Step 1 found no DSA table
Morocco_2017-06-07.pdf,Step 1 found no DSA table
Morocco_2017-09-08_CR2017-265.pdf,Step 1 found no DSA table
Morocco_2018-03-12_CR2018-058.pdf,Step 1 found no DSA table
Morocco_2019-10-23.pdf,Step 1 found no DSA table
Morocco_2020-01-28.pdf,Step 1 found no DSA table
Multi-Country Report_2017-06-14.pdf,multi-country document
Multi-Country Report_2017-06-20.pdf,multi-country document
Niger_2016-07-21.pdf,Step 1 found no DSA table
Niger_2017-12-20.pdf,Step 1 found no DSA table
Niger_2018-06-12.pdf,Step 1 found no DSA table
Niger_2020-01-14.pdf,Step 1 found no DSA table
Pakistan_2016-04-01.pdf,Step 1 found no DSA table
Pakistan_2016-07-05.pdf,Step 1 found no DSA table
Pakistan_2016-10-13.pdf,Step 1 found no DSA table
People's Republic of China-Macao Special Administrative Region_2017-02-14.pdf,Step 1 found no DSA table
People’s Republic of China—Macao Special Administrative Region_2019-05-06.pdf,Step 1 found no DSA table
Portugal_2016-09-22_CR2016-302.pdf,Step 1 found no DSA table
Republic of Armenia_2018-12-12.pdf,Step 1 found no DSA table
Republic of Equatorial Guinea_2018-11-12.pdf,Step 1 found no DSA table
Republic of Kosovo_2016-01-25.pdf,Step 1 found no DSA table
Republic of Madagascar_2017-12-18.pdf,Step 1 found no DSA table
Republic of Madagascar_2019-03-29.pdf,Step 1 found no DSA table
Republic of Moldova_2017-05-01.pdf,Step 1 found no DSA table
Republic of Moldova_2018-07-05.pdf,Step 1 found no DSA table
Republic of Mozambique_2019-06-18.pdf,Step 1 found no DSA table
Republic of Serbia_2016-12-21.pdf,Step 1 found no DSA table
Republic of Serbia_2017-12-21.pdf,Step 1 found no DSA table
Republic of Serbia_2018-12-19.pdf,Step 1 found no DSA table
Republic of Serbia_2019-12-19.pdf,Step 1 found no DSA table
Romania_2017-05-25_CR2017-135.pdf,Step 1 found no DSA table
Rwanda_2017-01-10.pdf,Step 1 found no DSA table
Rwanda_2017-11-30.pdf,Step 1 found no DSA table
Rwanda_2018-01-18.pdf,Step 1 found no DSA table
Rwanda_2018-11-30.pdf,Step 1 found no DSA table
Rwanda_2020-01-17.pdf,Step 1 found no DSA table
Rwanda_2020-10-02.pdf,Step 1 found no DSA table
Senegal_2016-06-08.pdf,Step 1 found no DSA table
Senegal_2017-07-24.pdf,Step 1 found no DSA table
Senegal_2018-07-09.pdf,Step 1 found no DSA table
Senegal_2020-07-24.pdf,Step 1 found no DSA table
Seychelles_2016-01-14.pdf,Step 1 found no DSA table
Seychelles_2017-06-20.pdf,Step 1 found no DSA table
Seychelles_2018-06-29.pdf,Step 1 found no DSA table
Seychelles_2019-07-01.pdf,Step 1 found no DSA table
Seychelles_2020-09-03.pdf,Step 1 found no DSA table
Sierra Leone_2016-12-22.pdf,Step 1 found no DSA table
Sierra Leone_2019-07-09.pdf,Step 1 found no DSA table
Somalia_2016-05-27.pdf,Step 1 found no DSA table
Somalia_2017-02-27.pdf,Step 1 found no DSA table
Somalia_2017-07-11.pdf,Step 1 found no DSA table
Somalia_2018-02-26.pdf,Step 1 found no DSA table
Somalia_2018-07-06.pdf,Step 1 found no DSA table
Somalia_2019-02-26.pdf,Step 1 found no DSA table
Somalia_2019-11-18.pdf,Step 1 found no DSA table
Somalia_2020-03-26.pdf,Step 1 found no DSA table
Tunisia_2018-10-08.pdf,Step 1 found no DSA table
Uganda_2016-06-09.pdf,Step 1 found no DSA table
Uganda_2017-07-12.pdf,Step 1 found no DSA table
Ukraine_2020-06-15.pdf,Step 1 found no DSA table
United Republic of Tanzania_2017-01-12.pdf,Step 1 found no DSA table
United Republic of Tanzania_2017-06-30.pdf,Step 1 found no DSA table
United Republic of Tanzania_2018-12-04.pdf,Step 1 found no DSA table
United Republic of Tanzania_2020-06-12.pdf,Step 1 found no DSA table
Zimbabwe_2016-12-19.pdf,Step 1 found no DSA table
Zimbabwe_2019-05-30.pdf,Step 1 found no DSA table
