pdf_file_name,country,sa_group,disagreement_types,n_fully_matching_pairs,fully_matching_pairs,outlier_version,two_agree_basis
Albania_2014-03-19.pdf,Albania,main,value,1,Weiqi=SA,SL,same year and values; outlier read the table differently
Algeria_2014-02-04.pdf,Algeria,main,value,1,Weiqi=SA,SL,same year and values; outlier read the table differently
Angola_2014-09-05.pdf,Angola,main,value,1,Weiqi=SA,SL,same year and values; outlier read the table differently
Australia_2014-02-12.pdf,Australia,main,"last_actual_year, value",1,Weiqi=SA,SL,same year and values; outlier read the table differently
Bangladesh_2015-11-10.pdf,Bangladesh,main,table_found,1,SL=Weiqi,SA,both found no table
Barbados_2012-01-19.pdf,Barbados,main,"last_actual_year, value",1,SL=Weiqi,SA,same year and values; outlier read the table differently
Belgium_2011-04-06.pdf,Belgium,main,table_found,1,SL=Weiqi,SA,both found no table
Benin_2011-09-22.pdf,Benin,main,"last_actual_year, value",1,SL=SA,Weiqi,same year and values; outlier read the table differently
Bhutan_2011-06-02.pdf,Bhutan,main,"last_actual_year, value",1,Weiqi=SA,SL,same year and values; outlier read the table differently
Bosnia and Herzegovina_2012-10-05.pdf,Bosnia and Herzegovina,main,last_actual_year,1,SL=Weiqi,SA,same year and values; outlier read the table differently
Botswana_2012-08-10.pdf,Botswana,main,table_found,1,SL=Weiqi,SA,both found no table
Botswana_2014-07-15.pdf,Botswana,main,value,1,SL=SA,Weiqi,same year and values; outlier read the table differently
Bulgaria_2011-07-15.pdf,Bulgaria,main,last_actual_year,1,SL=Weiqi,SA,same year and values; outlier read the table differently
Bulgaria_2015-05-13.pdf,Bulgaria,main,value,1,SL=SA,Weiqi,same year and values; outlier read the table differently
Burkina Faso_2012-07-02_CR2012-158.pdf,Burkina Faso,main,"last_actual_year, value",1,SL=SA,Weiqi,same year and values; outlier read the table differently
Cambodia_2014-02-04.pdf,Cambodia,main,last_actual_year,1,SL=Weiqi,SA,same year and values; outlier read the table differently
Cambodia_2015-11-16.pdf,Cambodia,main,table_found,1,SL=Weiqi,SA,both found no table
Cameroon_2012-08-13.pdf,Cameroon,main,"last_actual_year, value",1,SL=Weiqi,SA,same year and values; outlier read the table differently
Cameroon_2014-07-17.pdf,Cameroon,main,"last_actual_year, value",1,SL=Weiqi,SA,same year and values; outlier read the table differently
Colombia_2011-07-05.pdf,Colombia,main,table_found,1,SL=Weiqi,SA,both found no table
Colombia_2011-08-02.pdf,Colombia,main,table_found,0,,,
Colombia_2012-09-20.pdf,Colombia,main,table_found,1,SL=Weiqi,SA,both found no table
Colombia_2013-07-10.pdf,Colombia,main,last_actual_year,1,SL=Weiqi,SA,same year and values; outlier read the table differently
Colombia_2014-05-28.pdf,Colombia,main,value,1,SL=SA,Weiqi,same year and values; outlier read the table differently
Costa Rica_2011-07-05.pdf,Costa Rica,main,"last_actual_year, value",1,SL=Weiqi,SA,same year and values; outlier read the table differently
Cyprus_2014-04-01.pdf,Cyprus,main,"last_actual_year, value",1,SL=SA,Weiqi,same year and values; outlier read the table differently
Cyprus_2014-10-22.pdf,Cyprus,main,value,1,SL=SA,Weiqi,same year and values; outlier read the table differently
Czech Republic_2011-04-07.pdf,Czech Republic,main,table_found,0,,,
Czech Republic_2012-05-18.pdf,Czech Republic,main,table_found,1,SL=Weiqi,SA,both found no table
Democratic Republic of São Tomé and Príncipe_2012-02-08.pdf,São Tomé and Príncipe,main,"last_actual_year, value",1,SL=SA,Weiqi,same year and values; outlier read the table differently
Democratic Republic of São Tomé and Príncipe_2014-01-06.pdf,São Tomé and Príncipe,errors,"last_actual_year, value",1,Weiqi=SA,SL,same year and values; outlier read the table differently
Democratic Republic of the Congo_2013-04-03.pdf,Democratic Republic of the Congo,main,"last_actual_year, value",1,SL=Weiqi,SA,same year and values; outlier read the table differently
Dominica_2011-11-14.pdf,Dominica,errors,"last_actual_year, value",1,SL=SA,Weiqi,same year and values; outlier read the table differently
Dominica_2012-02-27.pdf,Dominica,main,table_found,0,,,
El Salvador_2011-04-19.pdf,El Salvador,main,table_found,0,,,
El Salvador_2011-10-12.pdf,El Salvador,main,table_found,0,,,
El Salvador_2013-05-22.pdf,El Salvador,errors,"last_actual_year, value",1,SL=Weiqi,SA,same year and values; outlier read the table differently
Finland_2012-08-31.pdf,Finland,main,table_found,1,SL=Weiqi,SA,both found no table
Finland_2014-05-28.pdf,Finland,main,value,1,SL=Weiqi,SA,same year and values; outlier read the table differently
Former Yugoslav Republic of Macedonia_2012-06-08.pdf,North Macedonia,main,last_actual_year,1,SL=Weiqi,SA,same year and values; outlier read the table differently
Former Yugoslav Republic of Macedonia_2015-09-03.pdf,North Macedonia,main,value,0,,,
France_2014-07-03.pdf,France,main,value,1,SL=SA,Weiqi,same year and values; outlier read the table differently
Georgia_2011-01-28.pdf,Georgia,main,table_found,1,SL=Weiqi,SA,both found no table
Georgia_2011-04-21.pdf,Georgia,main,table_found,1,SL=Weiqi,SA,both found no table
Georgia_2011-06-27.pdf,Georgia,main,table_found,1,SL=Weiqi,SA,both found no table
Georgia_2013-04-03.pdf,Georgia,main,table_found,0,,,
Georgia_2015-01-20.pdf,Georgia,main,value,1,Weiqi=SA,SL,same year and values; outlier read the table differently
Ghana_2015-09-04.pdf,Ghana,errors,"last_actual_year, value",1,Weiqi=SA,SL,same year and values; outlier read the table differently
Guatemala_2012-06-11.pdf,Guatemala,main,table_found,1,SL=Weiqi,SA,both found no table
Guinea-Bissau_2011-12-14.pdf,Guinea-Bissau,main,"last_actual_year, value",1,SL=Weiqi,SA,same year and values; outlier read the table differently
Hungary_2012-01-25.pdf,Hungary,main,table_found,1,SL=Weiqi,SA,both found no table
Hungary_2015-04-03.pdf,Hungary,main,value,1,SL=SA,Weiqi,same year and values; outlier read the table differently
India_2012-04-18.pdf,India,main,"last_actual_year, value",1,SL=Weiqi,SA,same year and values; outlier read the table differently
Indonesia_2015-03-19.pdf,Indonesia,main,value,1,SL=SA,Weiqi,same year and values; outlier read the table differently
Ireland_2015-03-25.pdf,Ireland,main,value,1,Weiqi=SA,SL,same year and values; outlier read the table differently
Islamic Republic of Afghanistan_2012-08-20.pdf,Afghanistan,errors,table_found,1,SL=Weiqi,SA,both found no table
Israel_2012-04-02.pdf,Israel,main,last_actual_year,1,SL=Weiqi,SA,same year and values; outlier read the table differently
Italy_2014-09-18.pdf,Italy,main,value,0,,,
Jamaica_2011-02-11.pdf,Jamaica,main,table_found,1,SL=Weiqi,SA,both found no table
Jamaica_2015-09-24.pdf,Jamaica,main,value,1,Weiqi=SA,SL,same year and values; outlier read the table differently
Kenya_2013-04-30.pdf,Kenya,main,"last_actual_year, value",1,SL=Weiqi,SA,same year and values; outlier read the table differently
Kingdom of Swaziland_2011-01-24.pdf,Eswatini,main,table_found,1,SL=Weiqi,SA,both found no table
Kingdom of the Netherlands_2013-08-09.pdf,Netherlands,main,table_found,1,SL=Weiqi,SA,both found no table
Lao People’s Democratic Republic_2015-02-26.pdf,Lao PDR,errors,"last_actual_year, value",1,SL=Weiqi,SA,same year and values; outlier read the table differently
Malaysia_2014-03-14.pdf,Malaysia,main,value,1,SL=Weiqi,SA,same year and values; outlier read the table differently
Malaysia_2015-03-03.pdf,Malaysia,main,value,0,,,
Maldives_2011-09-26.pdf,Maldives,main,"last_actual_year, value",1,SL=Weiqi,SA,same year and values; outlier read the table differently
Malta_2012-05-07.pdf,Malta,main,"last_actual_year, value",1,SL=SA,Weiqi,same year and values; outlier read the table differently
Mauritius_2011-05-04.pdf,Mauritius,main,table_found,0,,,
Mexico_2011-12-22.pdf,Mexico,errors,table_found,1,SL=Weiqi,SA,both found no table
Mexico_2012-12-07.pdf,Mexico,main,table_found,1,SL=Weiqi,SA,both found no table
Mexico_2014-11-12.pdf,Mexico,main,value,1,Weiqi=SA,SL,same year and values; outlier read the table differently
Mexico_2015-11-17.pdf,Mexico,main,value,1,Weiqi=SA,SL,same year and values; outlier read the table differently
Morocco_2011-12-02.pdf,Morocco,main,table_found,1,SL=Weiqi,SA,both found no table
Myanmar_2012-05-07.pdf,Myanmar,main,"last_actual_year, value",1,Weiqi=SA,SL,same year and values; outlier read the table differently
Myanmar_2014-10-06.pdf,Myanmar,main,"last_actual_year, value",1,SL=Weiqi,SA,same year and values; outlier read the table differently
Namibia_2015-10-01.pdf,Namibia,main,"last_actual_year, value",1,SL=SA,Weiqi,same year and values; outlier read the table differently
Nepal_2014-07-18.pdf,Nepal,main,"last_actual_year, value",1,SL=SA,Weiqi,same year and values; outlier read the table differently
Nicaragua_2011-11-14.pdf,Nicaragua,errors,"last_actual_year, value",1,SL=Weiqi,SA,same year and values; outlier read the table differently
Nicaragua_2013-12-27.pdf,Nicaragua,main,"last_actual_year, value",1,Weiqi=SA,SL,same year and values; outlier read the table differently
Niger_2015-03-11.pdf,Niger,main,"last_actual_year, value",1,Weiqi=SA,SL,same year and values; outlier read the table differently
Pakistan_2012-02-07.pdf,Pakistan,main,table_found,1,SL=Weiqi,SA,both found no table
Papua New Guinea_2012-06-01.pdf,Papua New Guinea,errors,"last_actual_year, value",1,Weiqi=SA,SL,same year and values; outlier read the table differently
Portugal_2012-04-05.pdf,Portugal,main,table_found,1,SL=Weiqi,SA,both found no table
Portugal_2012-07-17.pdf,Portugal,main,table_found,1,SL=Weiqi,SA,both found no table
Portugal_2012-10-25.pdf,Portugal,main,table_found,1,SL=Weiqi,SA,both found no table
Portugal_2013-01-18.pdf,Portugal,main,table_found,0,,,
Republic of Armenia_2015-11-19.pdf,Armenia,main,value,1,Weiqi=SA,SL,same year and values; outlier read the table differently
Republic of Belarus_2015-05-29.pdf,Belarus,main,value,1,SL=Weiqi,SA,same year and values; outlier read the table differently
Republic of Congo_2011-08-17.pdf,Republic of Congo,main,"last_actual_year, value",1,SL=Weiqi,SA,same year and values; outlier read the table differently
Republic of Congo_2014-09-04.pdf,Republic of Congo,errors,"last_actual_year, value",1,Weiqi=SA,SL,same year and values; outlier read the table differently
Republic of Fiji_2011-04-08.pdf,Fiji,main,table_found,1,SL=Weiqi,SA,both found no table
Republic of Kosovo_2011-08-01.pdf,Kosovo,main,"last_actual_year, value",1,SL=Weiqi,SA,same year and values; outlier read the table differently
Republic of Kosovo_2012-05-09.pdf,Kosovo,errors,"last_actual_year, value",1,Weiqi=SA,SL,same year and values; outlier read the table differently
Republic of Lithuania_2013-03-28.pdf,Lithuania,main,"last_actual_year, value",1,SL=SA,Weiqi,same year and values; outlier read the table differently
Republic of Moldova_2012-10-22.pdf,Moldova,main,table_found,1,SL=Weiqi,SA,both found no table
Republic of Mozambique_2012-06-15.pdf,Mozambique,main,"last_actual_year, value",1,SL=Weiqi,SA,same year and values; outlier read the table differently
Republic of Poland_2011-01-21.pdf,Poland,main,table_found,1,SL=Weiqi,SA,both found no table
Republic of Poland_2011-07-08.pdf,Poland,main,table_found,0,,,
Republic of Poland_2012-01-25.pdf,Poland,main,table_found,1,SL=Weiqi,SA,both found no table
Republic of Poland_2012-07-05.pdf,Poland,main,table_found,1,SL=Weiqi,SA,both found no table
Republic of Poland_2013-01-24.pdf,Poland,main,table_found,1,SL=Weiqi,SA,both found no table
Republic of San Marino_2015-04-08.pdf,San Marino,main,value,1,SL=SA,Weiqi,same year and values; outlier read the table differently
Republic of Slovenia_2011-05-31.pdf,Slovenia,main,table_found,1,SL=Weiqi,SA,both found no table
Republic of Slovenia_2014-01-17.pdf,Slovenia,main,value,0,,,
Republic of the Marshall Islands_2014-02-03.pdf,Marshall Islands,main,"last_actual_year, value",1,SL=SA,Weiqi,same year and values; outlier read the table differently
Romania_2011-01-20.pdf,Romania,errors,table_found,1,SL=SA,Weiqi,both found no table
Romania_2011-06-29.pdf,Romania,main,table_found,1,SL=Weiqi,SA,both found no table
Romania_2012-04-02.pdf,Romania,main,table_found,1,SL=Weiqi,SA,both found no table
Romania_2012-07-02.pdf,Romania,main,table_found,1,SL=Weiqi,SA,both found no table
Romania_2012-10-23.pdf,Romania,errors,value,0,,,
Romania_2015-03-27.pdf,Romania,main,value,0,,,
Russian Federation_2011-09-27.pdf,Russian Federation,main,table_found,1,SL=Weiqi,SA,both found no table
Russian Federation_2012-08-03.pdf,Russian Federation,main,table_found,0,,,
Russian Federation_2014-07-01.pdf,Russian Federation,main,value,1,SL=SA,Weiqi,same year and values; outlier read the table differently
Russian Federation_2015-08-03.pdf,Russian Federation,errors,value,1,Weiqi=SA,SL,same year and values; outlier read the table differently
Rwanda_2012-06-20.pdf,Rwanda,errors,table_found,1,SL=Weiqi,SA,both found no table
Samoa_2013-06-14.pdf,Samoa,main,"last_actual_year, value",1,SL=SA,Weiqi,same year and values; outlier read the table differently
Senegal_2013-06-24.pdf,Senegal,main,value,0,,,
Seychelles_2015-07-22.pdf,Seychelles,main,value,1,Weiqi=SA,SL,same year and values; outlier read the table differently
Sierra Leone_2015-11-24.pdf,Sierra Leone,main,"last_actual_year, value",1,Weiqi=SA,SL,same year and values; outlier read the table differently
Slovak Republic_2014-09-02.pdf,Slovak Republic,main,value,1,Weiqi=SA,SL,same year and values; outlier read the table differently
Solomon Islands_2011-12-19.pdf,Solomon Islands,main,"last_actual_year, value",1,SL=SA,Weiqi,same year and values; outlier read the table differently
Sri Lanka_2012-07-25.pdf,Sri Lanka,main,table_found,1,SL=Weiqi,SA,both found no table
St. Kitts and Nevis_2011-09-02.pdf,St. Kitts and Nevis,main,table_found,1,SL=Weiqi,SA,both found no table
St. Kitts and Nevis_2012-03-07.pdf,St. Kitts and Nevis,main,table_found,1,SL=Weiqi,SA,both found no table
St. Kitts and Nevis_2012-10-15.pdf,St. Kitts and Nevis,main,table_found,0,,,
St. Vincent and the Grenadines_2014-08-21.pdf,St. Vincent and the Grenadines,main,"last_actual_year, value",1,SL=Weiqi,SA,same year and values; outlier read the table differently
Sweden_2015-12-02.pdf,Sweden,main,value,1,SL=SA,Weiqi,same year and values; outlier read the table differently
The Bahamas_2011-12-02.pdf,Bahamas,main,table_found,1,SL=Weiqi,SA,both found no table
The Bahamas_2014-03-07.pdf,Bahamas,main,value,1,SL=Weiqi,SA,same year and values; outlier read the table differently
The Federal Democratic Republic of Ethiopia_2012-10-18.pdf,Ethiopia,errors,"last_actual_year, value",1,SL=Weiqi,SA,same year and values; outlier read the table differently
The Gambia_2012-06-06.pdf,Gambia,main,"last_actual_year, value",1,SL=SA,Weiqi,same year and values; outlier read the table differently
Trinidad and Tobago_2011-03-30.pdf,Trinidad and Tobago,main,table_found,1,SL=Weiqi,SA,both found no table
Trinidad and Tobago_2012-06-01.pdf,Trinidad and Tobago,main,table_found,1,SL=Weiqi,SA,both found no table
Turkey_2014-12-05.pdf,Turkey,main,value,1,SL=SA,Weiqi,same year and values; outlier read the table differently
Tuvalu_2012-09-04.pdf,Tuvalu,errors,"last_actual_year, value",1,SL=SA,Weiqi,same year and values; outlier read the table differently
Uganda_2014-12-12.pdf,Uganda,errors,"last_actual_year, value",1,SL=SA,Weiqi,same year and values; outlier read the table differently
Uganda_2015-11-20.pdf,Uganda,main,table_found,0,,,
Ukraine_2011-02-17.pdf,Ukraine,main,table_found,1,SL=Weiqi,SA,both found no table
Ukraine_2012-11-27.pdf,Ukraine,main,table_found,0,,,
United Kingdom_2014-07-28.pdf,United Kingdom,main,table_found,1,Weiqi=SA,SL,same year and values; outlier found no table
United Republic of Tanzania_2011-05-11.pdf,Tanzania,main,table_found,1,Weiqi=SA,SL,same year and values; outlier found no table
United Republic of Tanzania_2012-07-18.pdf,Tanzania,errors,table_found,1,Weiqi=SA,SL,same year and values; outlier found no table
United Republic of Tanzania_2014-05-15.pdf,Tanzania,errors,table_found,0,,,
United States_2012-08-02.pdf,United States,main,table_found,1,Weiqi=SA,SL,same year and values; outlier found no table
United States_2014-07-23.pdf,United States,main,table_found,1,Weiqi=SA,SL,same year and values; outlier found no table
United States_2015-07-07.pdf,United States,main,table_found,1,Weiqi=SA,SL,same year and values; outlier found no table
Uruguay_2011-03-03.pdf,Uruguay,main,table_found,1,Weiqi=SA,SL,same year and values; outlier found no table
Uruguay_2014-01-10.pdf,Uruguay,main,table_found,1,Weiqi=SA,SL,same year and values; outlier found no table
Uruguay_2015-03-26.pdf,Uruguay,main,table_found,1,Weiqi=SA,SL,same year and values; outlier found no table
Vanuatu_2011-05-31.pdf,Vanuatu,main,table_found,1,Weiqi=SA,SL,same year and values; outlier found no table
Vanuatu_2015-06-16.pdf,Vanuatu,errors,table_found,0,,,
Vietnam_2012-07-06.pdf,Vietnam,main,table_found,1,Weiqi=SA,SL,same year and values; outlier found no table
Vietnam_2014-10-16.pdf,Vietnam,main,table_found,1,Weiqi=SA,SL,same year and values; outlier found no table
Zambia_2012-07-26.pdf,Zambia,errors,table_found,1,Weiqi=SA,SL,same year and values; outlier found no table
Zambia_2015-06-16.pdf,Zambia,errors,table_found,1,Weiqi=SA,SL,same year and values; outlier found no table
Zimbabwe_2011-06-14.pdf,Zimbabwe,main,table_found,1,Weiqi=SA,SL,same year and values; outlier found no table
Zimbabwe_2012-09-28.pdf,Zimbabwe,main,table_found,1,Weiqi=SA,SL,same year and values; outlier found no table
Zimbabwe_2014-07-11.pdf,Zimbabwe,main,table_found,1,Weiqi=SA,SL,same year and values; outlier found no table
