pdf_file_name,country,sa_group,top_category,label_sl,value_sl,value_weiqi,value_sa,max_spread
Guinea-Bissau_2011-12-14.pdf,Guinea-Bissau,main,other_identified_flows,Debt relief (HIPC and other),-1.5,-1.5,-109.7,108.2
Guinea-Bissau_2011-12-14.pdf,Guinea-Bissau,main,other_identified_flows,Other identified debt-creating flows,-1.5,-1.5,-109.7,108.2
Guinea-Bissau_2011-12-14.pdf,Guinea-Bissau,main,change_in_debt,Change in public sector debt,-9.6,-9.6,-108.8,99.2
Democratic Republic of the Congo_2013-04-03.pdf,Democratic Republic of the Congo,main,change_in_debt,Change in public sector debt,-103.7,-103.7,-7.0,96.7
Guinea-Bissau_2011-12-14.pdf,Guinea-Bissau,main,identified_flows,Identified debt-creating flows,-19.1,-19.1,-103.4,84.30000000000001
Democratic Republic of the Congo_2013-04-03.pdf,Democratic Republic of the Congo,main,identified_flows,Identified debt-creating flows,-75.4,-75.4,-6.6,68.80000000000001
Colombia_2014-05-28.pdf,Colombia,main,primary_balance,Primary (noninterest) revenue and grants,27.7,-27.7,27.7,55.4
Republic of Congo_2011-08-17.pdf,Republic of Congo,main,identified_flows,Identified debt-creating flows,0.2,0.2,-48.7,48.900000000000006
Tuvalu_2012-09-04.pdf,Tuvalu,errors,identified_flows,Identified debt-creating flows,59.6,10.8,59.6,48.8
Tuvalu_2012-09-04.pdf,Tuvalu,errors,residual,"Residual, including asset changes 2/",-63.4,-22.5,-63.4,40.9
Democratic Republic of the Congo_2013-04-03.pdf,Democratic Republic of the Congo,main,other_identified_flows,Debt relief (HIPC and other),-41.8,-41.8,-2.3,39.5
Democratic Republic of the Congo_2013-04-03.pdf,Democratic Republic of the Congo,main,other_identified_flows,Other identified debt-creating flows,-41.8,-41.8,-2.8,39.0
Democratic Republic of São Tomé and Príncipe_2012-02-08.pdf,São Tomé and Príncipe,main,other_identified_flows,Other identified debt-creating flows,-0.3,-33.2,-0.3,32.900000000000006
Tuvalu_2012-09-04.pdf,Tuvalu,errors,primary_balance,Primary deficit,28.6,-2.9,28.6,31.5
Republic of Congo_2011-08-17.pdf,Republic of Congo,main,residual,"Residual, including asset changes",-11.4,-11.4,16.7,28.1
Democratic Republic of the Congo_2013-04-03.pdf,Democratic Republic of the Congo,main,residual,"Residual, including asset changes",-28.3,-28.3,-0.5,27.8
Democratic Republic of São Tomé and Príncipe_2012-02-08.pdf,São Tomé and Príncipe,main,other_identified_flows,Debt relief (HIPC and other),0.0,-27.0,0.0,27.0
Democratic Republic of the Congo_2013-04-03.pdf,Democratic Republic of the Congo,main,automatic_debt_dynamics,Automatic debt dynamics,-32.7,-32.7,-7.1,25.6
Democratic Republic of São Tomé and Príncipe_2012-02-08.pdf,São Tomé and Príncipe,main,residual,"Residual, including asset changes 5/",3.9,27.9,3.9,24.0
Democratic Republic of São Tomé and Príncipe_2012-02-08.pdf,São Tomé and Príncipe,main,identified_flows,Identified debt-creating flows,8.5,-15.0,8.5,23.5
Republic of Congo_2011-08-17.pdf,Republic of Congo,main,other_identified_flows,Debt relief (HIPC and other),-1.7,-1.7,-24.3,22.6
Republic of Congo_2011-08-17.pdf,Republic of Congo,main,other_identified_flows,Other identified debt-creating flows,-1.7,-1.7,-24.3,22.6
Tuvalu_2012-09-04.pdf,Tuvalu,errors,other_identified_flows,Other identified debt-creating flows,34.6,13.0,34.6,21.6
Tuvalu_2012-09-04.pdf,Tuvalu,errors,other_identified_flows,"Other (specify, e.g. bank recapitalization)",34.6,13.0,34.6,21.6
Republic of Congo_2011-08-17.pdf,Republic of Congo,main,change_in_debt,Change in public sector debt,-11.1,-11.1,-32.0,20.9
Guinea-Bissau_2011-12-14.pdf,Guinea-Bissau,main,automatic_debt_dynamics,Contribution from real exchange rate depreciation,-8.6,-8.6,12.1,20.7
Tuvalu_2012-09-04.pdf,Tuvalu,errors,primary_balance,Revenue and grants,74.0,94.5,74.0,20.5
Guinea-Bissau_2011-12-14.pdf,Guinea-Bissau,main,automatic_debt_dynamics,Automatic debt dynamics,-14.7,-14.7,4.5,19.2
Bhutan_2011-06-02.pdf,Bhutan,main,automatic_debt_dynamics,Automatic debt dynamics,-11.9,6.8,6.8,18.7
Bhutan_2011-06-02.pdf,Bhutan,main,identified_flows,Identified debt-creating flows,-15.8,1.5,1.5,17.3
Maldives_2011-09-26.pdf,Maldives,main,identified_flows,Identified debt-creating flows,6.0,6.0,23.0,17.0
Republic of Congo_2011-08-17.pdf,Republic of Congo,main,automatic_debt_dynamics,Automatic debt dynamics,7.7,7.7,-9.0,16.7
Tuvalu_2012-09-04.pdf,Tuvalu,errors,primary_balance,of which: grants,22.1,38.2,22.1,16.1
Democratic Republic of the Congo_2013-04-03.pdf,Democratic Republic of the Congo,main,automatic_debt_dynamics,Contribution from interest rate/growth differential,-22.6,-22.6,-6.6,16.0
Bhutan_2011-06-02.pdf,Bhutan,main,automatic_debt_dynamics,Contribution from real exchange rate depreciation,-6.8,8.7,8.7,15.5
Guinea-Bissau_2011-12-14.pdf,Guinea-Bissau,main,residual,"Residual, including asset changes",9.5,9.5,-5.4,14.9
Maldives_2011-09-26.pdf,Maldives,main,change_in_debt,Change in public sector debt,2.3,2.3,17.1,14.8
Republic of Congo_2011-08-17.pdf,Republic of Congo,main,automatic_debt_dynamics,Contribution from real exchange rate depreciation,10.1,10.1,-3.2,13.3
Republic of Mozambique_2012-06-15.pdf,Mozambique,main,automatic_debt_dynamics,Automatic debt dynamics,1.0,1.0,-11.3,12.3
Cyprus_2014-04-01.pdf,Cyprus,main,change_in_debt,Change in gross public sector debt,14.5,26.5,14.5,12.0
Cyprus_2014-04-01.pdf,Cyprus,main,identified_flows,Identified debt-creating flows,14.5,26.5,14.5,12.0
Republic of Mozambique_2012-06-15.pdf,Mozambique,main,automatic_debt_dynamics,Contribution from interest rate/growth differential,2.3,2.3,-9.5,11.8
Republic of Mozambique_2012-06-15.pdf,Mozambique,main,automatic_debt_dynamics,of which: contribution from average real interest rate,5.0,5.0,-6.7,11.7
Tuvalu_2012-09-04.pdf,Tuvalu,errors,primary_balance,Primary (noninterest) expenditure,102.7,91.5,102.7,11.200000000000003
Sierra Leone_2015-11-24.pdf,Sierra Leone,main,change_in_debt,Change in public sector debt,-6.1,5.1,5.1,11.2
Republic of Mozambique_2012-06-15.pdf,Mozambique,main,identified_flows,Identified debt-creating flows,3.9,3.9,-7.3,11.2
Maldives_2011-09-26.pdf,Maldives,main,primary_balance,Revenue and grants,46.0,46.0,35.9,10.100000000000001
Sierra Leone_2015-11-24.pdf,Sierra Leone,main,identified_flows,Identified debt-creating flows,-4.9,5.1,5.1,10.0
Maldives_2011-09-26.pdf,Maldives,main,primary_balance,Primary deficit,15.4,15.4,25.4,9.999999999999998
Bhutan_2011-06-02.pdf,Bhutan,main,change_in_debt,Change in public sector debt,-8.4,1.5,1.5,9.9
Cyprus_2014-10-22.pdf,Cyprus,main,change_in_debt,Change in gross public sector debt,24.9,15.1,24.9,9.799999999999999
Cyprus_2014-10-22.pdf,Cyprus,main,identified_flows,Identified debt-creating flows,24.9,15.1,24.9,9.799999999999999
Republic of Congo_2011-08-17.pdf,Republic of Congo,main,primary_balance,Primary deficit,-5.7,-5.7,-15.4,9.7
Maldives_2011-09-26.pdf,Maldives,main,automatic_debt_dynamics,Automatic debt dynamics,-9.1,-9.1,0.6,9.7
Democratic Republic of the Congo_2013-04-03.pdf,Democratic Republic of the Congo,main,automatic_debt_dynamics,Contribution from real exchange rate depreciation,-10.1,-10.1,-0.5,9.6
Sierra Leone_2015-11-24.pdf,Sierra Leone,main,automatic_debt_dynamics,Automatic debt dynamics,-5.9,3.0,3.0,8.9
Ghana_2015-09-04.pdf,Ghana,errors,automatic_debt_dynamics,Automatic debt dynamics,8.3,-0.6,-0.6,8.9
Democratic Republic of the Congo_2013-04-03.pdf,Democratic Republic of the Congo,main,automatic_debt_dynamics,Of which: contribution from average real interest rate,-12.8,-12.8,-3.9,8.9
Republic of Congo_2011-08-17.pdf,Republic of Congo,main,primary_balance,Revenue and grants,29.5,29.5,37.9,8.399999999999999
Maldives_2011-09-26.pdf,Maldives,main,automatic_debt_dynamics,Contribution from interest rate/growth differential,-5.7,-5.7,2.6,8.3
Democratic Republic of São Tomé and Príncipe_2012-02-08.pdf,São Tomé and Príncipe,main,primary_balance,Primary deficit,10.9,19.1,10.9,8.200000000000001
Democratic Republic of São Tomé and Príncipe_2012-02-08.pdf,São Tomé and Príncipe,main,primary_balance,Revenue and grants,37.4,29.2,37.4,8.2
Tuvalu_2012-09-04.pdf,Tuvalu,errors,change_in_debt,Change in public sector debt,-3.9,-11.7,-3.9,7.799999999999999
Solomon Islands_2011-12-19.pdf,Solomon Islands,main,primary_balance,Revenue and grants,63.0,55.2,63.0,7.799999999999997
Republic of San Marino_2015-04-08.pdf,San Marino,main,other_identified_flows,Contingent liabilities,7.6,0.0,7.6,7.6
Bhutan_2011-06-02.pdf,Bhutan,main,residual,"Residual, including asset changes",7.4,0.1,0.1,7.300000000000001
Ghana_2015-09-04.pdf,Ghana,errors,automatic_debt_dynamics,Contribution from real exchange rate depreciation,8.1,0.8,0.8,7.3
Lao People’s Democratic Republic_2015-02-26.pdf,Lao PDR,errors,residual,"Residual, including asset changes",0.8,0.8,7.9,7.1000000000000005
Democratic Republic of the Congo_2013-04-03.pdf,Democratic Republic of the Congo,main,automatic_debt_dynamics,Of which: contribution from real GDP growth,-9.8,-9.8,-2.7,7.1000000000000005
Cyprus_2014-04-01.pdf,Cyprus,main,automatic_debt_dynamics,Interest rate/growth differential 6/,3.5,10.6,3.5,7.1
Cyprus_2014-04-01.pdf,Cyprus,main,automatic_debt_dynamics,Automatic debt dynamics 5/,3.5,10.6,3.5,7.1
Myanmar_2014-10-06.pdf,Myanmar,main,change_in_debt,Change in public sector debt,-1.4,-1.4,-8.3,6.9
Solomon Islands_2011-12-19.pdf,Solomon Islands,main,identified_flows,Identified debt-creating flows,-10.2,-3.3,-10.2,6.8999999999999995
Republic of Mozambique_2012-06-15.pdf,Mozambique,main,change_in_debt,Change in public sector debt,-0.2,-0.2,-7.0,6.8
The Federal Democratic Republic of Ethiopia_2012-10-18.pdf,Ethiopia,errors,change_in_debt,Change in public sector debt,-2.6,-2.6,4.0,6.6
Ghana_2015-09-04.pdf,Ghana,errors,identified_flows,Identified debt-creating flows,11.6,5.0,5.0,6.6
Nepal_2014-07-18.pdf,Nepal,main,change_in_debt,Change in public sector debt,-4.8,1.7,-4.8,6.5
Cyprus_2014-04-01.pdf,Cyprus,main,other_identified_flows,Other identified debt-creating flows,7.7,14.2,7.7,6.499999999999999
Cyprus_2014-04-01.pdf,Cyprus,main,other_identified_flows,Other debt flows (incl. ESM and Euro Area loans),7.7,14.2,7.7,6.499999999999999
Nicaragua_2011-11-14.pdf,Nicaragua,errors,identified_flows,Identified debt-creating flows,-2.5,-2.5,3.9,6.4
Nicaragua_2011-11-14.pdf,Nicaragua,errors,automatic_debt_dynamics,Automatic debt dynamics,-2.7,-2.7,3.6,6.300000000000001
The Gambia_2012-06-06.pdf,Gambia,main,change_in_debt,Change in public sector debt,1.5,7.7,1.5,6.2
Kenya_2013-04-30.pdf,Kenya,main,residual,"Residual, including asset changes",3.3,3.3,-2.9,6.199999999999999
Guinea-Bissau_2011-12-14.pdf,Guinea-Bissau,main,primary_balance,of which: grants,15.8,15.8,9.7,6.100000000000001
Solomon Islands_2011-12-19.pdf,Solomon Islands,main,primary_balance,of which: grants,30.8,24.7,30.8,6.100000000000001
Democratic Republic of São Tomé and Príncipe_2012-02-08.pdf,São Tomé and Príncipe,main,primary_balance,of which: grants,18.6,12.6,18.6,6.000000000000002
Ghana_2015-09-04.pdf,Ghana,errors,change_in_debt,Change in public sector debt,13.1,7.1,7.1,6.0
Bulgaria_2015-05-13.pdf,Bulgaria,main,other_identified_flows,Contingent liabilities,0.0,6.0,0.0,6.0
Bulgaria_2015-05-13.pdf,Bulgaria,main,other_identified_flows,On-lending to DF and change in FRA,6.1,0.1,6.1,6.0
The Gambia_2012-06-06.pdf,Gambia,main,residual,"Residual, including asset changes",-0.5,5.5,-0.5,6.0
Democratic Republic of São Tomé and Príncipe_2012-02-08.pdf,São Tomé and Príncipe,main,other_identified_flows,Privatization receipts (negative),-0.3,-6.2,-0.3,5.9
Republic of the Marshall Islands_2014-02-03.pdf,Marshall Islands,main,residual,"Residual, including asset changes",-4.3,1.6,-4.3,5.9
Algeria_2014-02-04.pdf,Algeria,main,other_identified_flows,Privatization Receipts (negative),0.0,-5.8,-5.8,5.8
Cyprus_2014-10-22.pdf,Cyprus,main,automatic_debt_dynamics,Interest rate/growth differential 6/,9.4,3.8,9.4,5.6000000000000005
Cyprus_2014-10-22.pdf,Cyprus,main,automatic_debt_dynamics,Automatic debt dynamics 5/,9.4,3.8,9.4,5.6000000000000005
Nepal_2014-07-18.pdf,Nepal,main,identified_flows,Identified debt-creating flows,-2.6,3.0,-2.6,5.6
Kenya_2013-04-30.pdf,Kenya,main,change_in_debt,Change in public sector debt,1.3,1.3,-4.3,5.6
Papua New Guinea_2012-06-01.pdf,Papua New Guinea,errors,change_in_debt,Change in public sector debt,-0.4,-5.9,-5.9,5.5
Cyprus_2014-10-22.pdf,Cyprus,main,other_identified_flows,Other identified debt-creating flows,13.6,8.1,13.6,5.5
Cyprus_2014-10-22.pdf,Cyprus,main,other_identified_flows,Other debt flows (incl. ESM and Euro,13.6,8.1,13.6,5.5
Republic of the Marshall Islands_2014-02-03.pdf,Marshall Islands,main,identified_flows,Identified debt-creating flows,0.2,-5.2,0.2,5.4
Maldives_2011-09-26.pdf,Maldives,main,automatic_debt_dynamics,of which: contribution from real GDP growth,-3.8,-3.8,1.6,5.4
Lao People’s Democratic Republic_2015-02-26.pdf,Lao PDR,errors,identified_flows,Identified debt-creating flows,-1.1,-1.1,-6.4,5.300000000000001
Barbados_2012-01-19.pdf,Barbados,main,automatic_debt_dynamics,Of which contribution from real interest rate,8.4,8.4,3.2,5.2
Myanmar_2014-10-06.pdf,Myanmar,main,identified_flows,Identified debt-creating flows,2.9,2.9,-2.3,5.199999999999999
Democratic Republic of São Tomé and Príncipe_2014-01-06.pdf,São Tomé and Príncipe,errors,residual,"Residual, including asset changes",4.1,-1.0,-1.0,5.1
Dominica_2011-11-14.pdf,Dominica,errors,primary_balance,Revenue and grants,45.8,40.7,45.8,5.099999999999994
Nicaragua_2011-11-14.pdf,Nicaragua,errors,automatic_debt_dynamics,Contribution from interest rate/growth differential,-2.9,-2.9,2.0,4.9
Sierra Leone_2015-11-24.pdf,Sierra Leone,main,automatic_debt_dynamics,of which: contribution from real GDP growth,-6.3,-1.4,-1.4,4.9
Samoa_2013-06-14.pdf,Samoa,main,change_in_debt,Change in public sector debt,4.9,0.1,4.9,4.800000000000001
Niger_2015-03-11.pdf,Niger,main,primary_balance,Primary (noninterest) expenditure,23.3,28.1,28.1,4.800000000000001
Sierra Leone_2015-11-24.pdf,Sierra Leone,main,automatic_debt_dynamics,Contribution from interest rate/growth differential,-5.0,-0.2,-0.2,4.8
Guinea-Bissau_2011-12-14.pdf,Guinea-Bissau,main,primary_balance,Primary deficit,-2.9,-2.9,1.8,4.7
Tuvalu_2012-09-04.pdf,Tuvalu,errors,automatic_debt_dynamics,Automatic debt dynamics,-3.7,0.8,-3.7,4.5
The Federal Democratic Republic of Ethiopia_2012-10-18.pdf,Ethiopia,errors,automatic_debt_dynamics,Automatic debt dynamics,-5.8,-5.8,-1.3,4.5
Nicaragua_2011-11-14.pdf,Nicaragua,errors,automatic_debt_dynamics,of which: contribution from real GDP growth,-3.4,-3.4,1.1,4.5
Guinea-Bissau_2011-12-14.pdf,Guinea-Bissau,main,primary_balance,Revenue and grants,24.8,24.8,20.4,4.400000000000002
Solomon Islands_2011-12-19.pdf,Solomon Islands,main,primary_balance,Primary deficit,-6.7,-2.3,-6.7,4.4
Democratic Republic of São Tomé and Príncipe_2014-01-06.pdf,São Tomé and Príncipe,errors,primary_balance,Primary (noninterest) expenditure,43.7,48.1,48.1,4.399999999999999
Benin_2011-09-22.pdf,Benin,main,primary_balance,Primary (noninterest) expenditure,21.1,25.5,21.1,4.399999999999999
Republic of Mozambique_2012-06-15.pdf,Mozambique,main,residual,"Residual, including asset changes",-4.1,-4.1,0.2,4.3
Republic of Congo_2014-09-04.pdf,Republic of Congo,errors,primary_balance,Revenue and grants,46.9,42.6,42.6,4.299999999999997
Democratic Republic of the Congo_2013-04-03.pdf,Democratic Republic of the Congo,main,primary_balance,Primary deficit,-0.9,-0.9,3.3,4.2
Dominica_2011-11-14.pdf,Dominica,errors,primary_balance,of which: grants,8.8,4.7,8.8,4.1000000000000005
Sierra Leone_2015-11-24.pdf,Sierra Leone,main,automatic_debt_dynamics,Contribution from real exchange rate depreciation,-0.9,3.2,3.2,4.1000000000000005
Myanmar_2012-05-07.pdf,Myanmar,main,change_in_debt,Change in public sector debt,2.9,-1.2,-1.2,4.1
Myanmar_2012-05-07.pdf,Myanmar,main,automatic_debt_dynamics,Contribution from real exchange rate depreciation,-0.7,-4.8,-4.8,4.1
India_2012-04-18.pdf,India,main,automatic_debt_dynamics,Automatic debt dynamics 2/,-7.6,-7.6,-3.5,4.1
India_2012-04-18.pdf,India,main,change_in_debt,Change in public sector debt,-4.6,-4.6,-0.5,4.1
Myanmar_2012-05-07.pdf,Myanmar,main,automatic_debt_dynamics,Automatic debt dynamics,-3.8,-7.8,-7.8,4.0
Tuvalu_2012-09-04.pdf,Tuvalu,errors,automatic_debt_dynamics,Contribution from real exchange rate depreciation,-5.0,-1.0,-5.0,4.0
Republic of the Marshall Islands_2014-02-03.pdf,Marshall Islands,main,primary_balance,of which: grants,34.3,38.3,34.3,4.0
Nicaragua_2011-11-14.pdf,Nicaragua,errors,change_in_debt,Change in public sector debt,1.8,1.8,5.7,3.9000000000000004
Solomon Islands_2011-12-19.pdf,Solomon Islands,main,automatic_debt_dynamics,of which: contribution from real GDP growth,-2.2,1.7,-2.2,3.9000000000000004
Republic of the Marshall Islands_2014-02-03.pdf,Marshall Islands,main,automatic_debt_dynamics,Contribution from real exchange rate depreciation,2.5,-1.4,2.5,3.9
Cyprus_2014-04-01.pdf,Cyprus,main,automatic_debt_dynamics,Of which: real GDP growth,1.7,5.6,1.7,3.8999999999999995
Democratic Republic of São Tomé and Príncipe_2014-01-06.pdf,São Tomé and Príncipe,errors,change_in_debt,Change in public sector debt,10.1,6.3,6.3,3.8
Solomon Islands_2011-12-19.pdf,Solomon Islands,main,automatic_debt_dynamics,Contribution from interest rate/growth differential,-2.5,1.3,-2.5,3.8
Bhutan_2011-06-02.pdf,Bhutan,main,automatic_debt_dynamics,of which: contribution from real GDP growth,-7.2,-3.6,-3.6,3.6
Burkina Faso_2012-07-02_CR2012-158.pdf,Burkina Faso,main,residual,"Residual, including asset changes",-2.6,1.0,-2.6,3.6
Republic of Congo_2011-08-17.pdf,Republic of Congo,main,automatic_debt_dynamics,of which: contribution from average real interest rate,2.4,2.4,-1.2,3.5999999999999996
Dominica_2011-11-14.pdf,Dominica,errors,change_in_debt,Change in public sector debt,-0.4,3.1,-0.4,3.5
Republic of the Marshall Islands_2014-02-03.pdf,Marshall Islands,main,primary_balance,Revenue and grants,55.0,58.5,55.0,3.5
Solomon Islands_2011-12-19.pdf,Solomon Islands,main,residual,"Residual, including asset changes",5.0,1.5,5.0,3.5
India_2012-04-18.pdf,India,main,automatic_debt_dynamics,Contribution from interest rate/growth differential 3/,-7.5,-7.5,-4.1,3.4000000000000004
Solomon Islands_2011-12-19.pdf,Solomon Islands,main,change_in_debt,Change in public sector debt,-5.2,-1.8,-5.2,3.4000000000000004
The Federal Democratic Republic of Ethiopia_2012-10-18.pdf,Ethiopia,errors,residual,"Residual, including asset changes",1.0,1.0,4.4,3.4000000000000004
Georgia_2015-01-20.pdf,Georgia,main,other_identified_flows,Other identified debt-creating flows,1.7,-1.7,-1.7,3.4
Georgia_2015-01-20.pdf,Georgia,main,other_identified_flows,GG: Privatization and Drawdown of deposits (negative),1.7,-1.7,-1.7,3.4
Samoa_2013-06-14.pdf,Samoa,main,automatic_debt_dynamics,Automatic debt dynamics,0.3,-3.1,0.3,3.4
Republic of Congo_2011-08-17.pdf,Republic of Congo,main,automatic_debt_dynamics,Contribution from interest rate/growth differential,-2.4,-2.4,-5.8,3.4
Solomon Islands_2011-12-19.pdf,Solomon Islands,main,automatic_debt_dynamics,Automatic debt dynamics,-3.4,0.0,-3.4,3.4
Barbados_2012-01-19.pdf,Barbados,main,primary_balance,Revenue and grants,42.3,42.3,38.9,3.3999999999999986
Solomon Islands_2011-12-19.pdf,Solomon Islands,main,primary_balance,Primary (noninterest) expenditure,56.3,52.9,56.3,3.3999999999999986
Niger_2015-03-11.pdf,Niger,main,primary_balance,Revenue and grants,22.2,25.5,25.5,3.3000000000000007
Myanmar_2012-05-07.pdf,Myanmar,main,identified_flows,Identified debt-creating flows,-0.1,-3.4,-3.4,3.3
Cyprus_2014-10-22.pdf,Cyprus,main,automatic_debt_dynamics,Of which: real GDP growth,5.0,1.7,5.0,3.3
Georgia_2015-01-20.pdf,Georgia,main,automatic_debt_dynamics,Automatic debt dynamics 5/,-2.0,1.3,1.3,3.3
Georgia_2015-01-20.pdf,Georgia,main,automatic_debt_dynamics,Exchange rate depreciation 7/,-2.1,1.2,1.2,3.3
St. Vincent and the Grenadines_2014-08-21.pdf,St. Vincent and the Grenadines,main,primary_balance,Primary deficit,1.4,1.4,-1.9,3.3
Democratic Republic of the Congo_2013-04-03.pdf,Democratic Republic of the Congo,main,primary_balance,Primary (noninterest) expenditure,25.1,25.1,28.4,3.299999999999997
Tuvalu_2012-09-04.pdf,Tuvalu,errors,automatic_debt_dynamics,of which: contribution from average real interest rate,-0.7,2.5,-0.7,3.2
Nepal_2014-07-18.pdf,Nepal,main,automatic_debt_dynamics,Contribution from real exchange rate depreciation,0.4,3.6,0.4,3.2
Cyprus_2014-04-01.pdf,Cyprus,main,automatic_debt_dynamics,Of which: real interest rate,1.8,5.0,1.8,3.2
Bhutan_2011-06-02.pdf,Bhutan,main,automatic_debt_dynamics,Contribution from interest rate/growth differential,-5.1,-1.9,-1.9,3.1999999999999997
Barbados_2012-01-19.pdf,Barbados,main,automatic_debt_dynamics,Of which contribution from real GDP growth,-0.4,-0.4,2.8,3.1999999999999997
St. Vincent and the Grenadines_2014-08-21.pdf,St. Vincent and the Grenadines,main,primary_balance,Primary (noninterest) expenditure,47.3,47.3,44.1,3.1999999999999957
The Federal Democratic Republic of Ethiopia_2012-10-18.pdf,Ethiopia,errors,identified_flows,Identified debt-creating flows,-3.6,-3.6,-0.5,3.1
Republic of Lithuania_2013-03-28.pdf,Lithuania,main,automatic_debt_dynamics,Automatic debt dynamics 2/,-3.5,-0.4,-3.5,3.1
Republic of the Marshall Islands_2014-02-03.pdf,Marshall Islands,main,primary_balance,Primary deficit,-0.7,-3.7,-0.7,3.0
Republic of Slovenia_2014-01-17.pdf,Slovenia,main,primary_balance,Primary deficit,1.5,4.5,1.5,3.0
Republic of Slovenia_2014-01-17.pdf,Slovenia,main,primary_balance,Primary (noninterest) expenditure,43.8,46.8,43.8,3.0
Nepal_2014-07-18.pdf,Nepal,main,automatic_debt_dynamics,Automatic debt dynamics,-1.2,1.8,-1.2,3.0
Cameroon_2012-08-13.pdf,Cameroon,main,primary_balance,Primary (noninterest) expenditure,18.5,18.5,21.5,3.0
The Federal Democratic Republic of Ethiopia_2012-10-18.pdf,Ethiopia,errors,automatic_debt_dynamics,Of which: contribution from average real interest rate,-3.5,-3.5,-0.5,3.0
Democratic Republic of São Tomé and Príncipe_2014-01-06.pdf,São Tomé and Príncipe,errors,primary_balance,Revenue and grants,32.3,35.3,35.3,3.0
The Federal Democratic Republic of Ethiopia_2012-10-18.pdf,Ethiopia,errors,automatic_debt_dynamics,Contribution from interest rate/growth differential,-6.2,-6.2,-3.2,3.0
Republic of Congo_2014-09-04.pdf,Republic of Congo,errors,change_in_debt,Change in public sector debt,4.1,1.1,1.1,2.9999999999999996
Burkina Faso_2012-07-02_CR2012-158.pdf,Burkina Faso,main,identified_flows,Identified debt-creating flows,4.6,1.6,4.6,2.9999999999999996
Lao People’s Democratic Republic_2015-02-26.pdf,Lao PDR,errors,primary_balance,Primary (noninterest) expenditure,27.3,27.3,24.4,2.900000000000002
Papua New Guinea_2012-06-01.pdf,Papua New Guinea,errors,primary_balance,Primary deficit,-1.5,-4.4,-4.4,2.9000000000000004
Benin_2011-09-22.pdf,Benin,main,automatic_debt_dynamics,Contribution from real exchange rate depreciation,0.9,-2.0,0.9,2.9
Myanmar_2014-10-06.pdf,Myanmar,main,automatic_debt_dynamics,Automatic debt dynamics,0.6,0.6,-2.3,2.9
Samoa_2013-06-14.pdf,Samoa,main,identified_flows,Identified debt-creating flows,2.9,0.0,2.9,2.9
Maldives_2011-09-26.pdf,Maldives,main,automatic_debt_dynamics,of which: contribution from average real interest rate,-1.9,-1.9,1.0,2.9
Papua New Guinea_2012-06-01.pdf,Papua New Guinea,errors,identified_flows,Identified debt-creating flows,-5.3,-8.2,-8.2,2.8999999999999995
Namibia_2015-10-01.pdf,Namibia,main,primary_balance,Primary (noninterest) revenue and grants,32.2,35.1,32.2,2.8999999999999986
Republic of Kosovo_2011-08-01.pdf,Kosovo,main,change_in_debt,Change in public sector debt,-3.7,-3.7,-0.9,2.8000000000000003
Benin_2011-09-22.pdf,Benin,main,primary_balance,Primary deficit,1.0,3.8,1.0,2.8
Benin_2011-09-22.pdf,Benin,main,automatic_debt_dynamics,Automatic debt dynamics,1.0,-1.8,1.0,2.8
Lao People’s Democratic Republic_2015-02-26.pdf,Lao PDR,errors,primary_balance,Primary deficit,3.9,3.9,1.1,2.8
Papua New Guinea_2012-06-01.pdf,Papua New Guinea,errors,primary_balance,of which: grants,2.5,5.3,5.3,2.8
Samoa_2013-06-14.pdf,Samoa,main,automatic_debt_dynamics,Contribution from real exchange rate depreciation,-0.5,-3.3,-0.5,2.8
Barbados_2012-01-19.pdf,Barbados,main,primary_balance,Primary (noninterest) expenditure,46.0,46.0,43.2,2.799999999999997
Dominica_2011-11-14.pdf,Dominica,errors,primary_balance,Primary (noninterest) expenditure,44.6,41.9,44.6,2.700000000000003
Maldives_2011-09-26.pdf,Maldives,main,other_identified_flows,Privatization receipts (negative),-0.3,-0.3,-3.0,2.7
Maldives_2011-09-26.pdf,Maldives,main,other_identified_flows,Other identified debt-creating flows,-0.3,-0.3,-3.0,2.7
Tuvalu_2012-09-04.pdf,Tuvalu,errors,automatic_debt_dynamics,of which: contribution from real GDP growth,2.0,-0.7,2.0,2.7
Nicaragua_2011-11-14.pdf,Nicaragua,errors,residual,"Residual, including asset changes",4.4,4.4,1.8,2.6000000000000005
Namibia_2015-10-01.pdf,Namibia,main,identified_flows,Identified debt-creating flows,2.7,0.1,2.7,2.6
Ireland_2015-03-25.pdf,Ireland,main,other_identified_flows,"Other, incl. stock-flow adjustment",-8.2,-5.6,-5.6,2.5999999999999996
Lao People’s Democratic Republic_2015-02-26.pdf,Lao PDR,errors,automatic_debt_dynamics,Automatic debt dynamics,-5.0,-5.0,-7.6,2.5999999999999996
Nepal_2014-07-18.pdf,Nepal,main,primary_balance,Primary deficit,-1.4,1.2,-1.4,2.5999999999999996
Republic of Lithuania_2013-03-28.pdf,Lithuania,main,primary_balance,Primary deficit,3.6,1.1,3.6,2.5
Republic of Congo_2014-09-04.pdf,Republic of Congo,errors,residual,"Residual, including asset changes",9.6,7.1,7.1,2.5
Nicaragua_2013-12-27.pdf,Nicaragua,main,change_in_debt,Change in public sector debt,-4.7,-2.2,-2.2,2.5
Turkey_2014-12-05.pdf,Turkey,main,automatic_debt_dynamics,Of which: real interest rate,1.2,-1.3,1.2,2.5
Papua New Guinea_2012-06-01.pdf,Papua New Guinea,errors,residual,"Residual, including asset changes",4.8,2.3,2.3,2.5
Burkina Faso_2012-07-02_CR2012-158.pdf,Burkina Faso,main,automatic_debt_dynamics,Contribution from real exchange rate depreciation,1.4,-1.1,1.4,2.5
Myanmar_2014-10-06.pdf,Myanmar,main,automatic_debt_dynamics,Contribution from real exchange rate depreciation,3.7,3.7,1.3,2.4000000000000004
Dominica_2011-11-14.pdf,Dominica,errors,primary_balance,Primary deficit,-1.2,1.2,-1.2,2.4
Republic of the Marshall Islands_2014-02-03.pdf,Marshall Islands,main,automatic_debt_dynamics,Automatic debt dynamics,1.0,-1.4,1.0,2.4
Namibia_2015-10-01.pdf,Namibia,main,primary_balance,Primary (noninterest) expenditure,35.1,37.5,35.1,2.3999999999999986
Cyprus_2014-10-22.pdf,Cyprus,main,automatic_debt_dynamics,Of which: real interest rate,4.4,2.1,4.4,2.3000000000000003
Cameroon_2014-07-17.pdf,Cameroon,main,primary_balance,Primary deficit,1.3,1.3,3.6,2.3
Ghana_2015-09-04.pdf,Ghana,errors,primary_balance,Primary deficit,3.3,5.6,5.6,2.3
Republic of Congo_2014-09-04.pdf,Republic of Congo,errors,primary_balance,Primary deficit,-8.8,-6.6,-6.6,2.200000000000001
El Salvador_2013-05-22.pdf,El Salvador,errors,automatic_debt_dynamics,Contribution from interest rate/growth differential 3/,0.7,0.7,-1.5,2.2
El Salvador_2013-05-22.pdf,El Salvador,errors,automatic_debt_dynamics,Automatic debt dynamics 2/,0.7,0.7,-1.5,2.2
Nicaragua_2013-12-27.pdf,Nicaragua,main,identified_flows,Identified debt-creating flows,-5.2,-3.0,-3.0,2.2
Myanmar_2014-10-06.pdf,Myanmar,main,primary_balance,Primary deficit,2.2,2.2,0.0,2.2
Maldives_2011-09-26.pdf,Maldives,main,residual,"Residual, including asset changes",-3.7,-3.7,-5.9,2.2
El Salvador_2013-05-22.pdf,El Salvador,errors,identified_flows,Identified debt-creating flows,2.3,2.3,0.1,2.1999999999999997
Sierra Leone_2015-11-24.pdf,Sierra Leone,main,primary_balance,Primary (noninterest) expenditure,14.5,16.7,16.7,2.1999999999999993
Republic of Congo_2014-09-04.pdf,Republic of Congo,errors,primary_balance,Primary (noninterest) expenditure,38.1,36.0,36.0,2.1000000000000014
Cyprus_2014-10-22.pdf,Cyprus,main,primary_balance,Primary (noninterest) revenue and grants,41.5,39.4,41.5,2.1000000000000014
Cyprus_2014-04-01.pdf,Cyprus,main,primary_balance,Primary (noninterest) revenue and grants,39.6,41.7,39.6,2.1000000000000014
El Salvador_2013-05-22.pdf,El Salvador,errors,automatic_debt_dynamics,Of which contribution from real interest rate,1.5,1.5,-0.6,2.1
St. Vincent and the Grenadines_2014-08-21.pdf,St. Vincent and the Grenadines,main,residual,"Residual, including asset changes 2/",-0.2,-0.2,1.9,2.1
Namibia_2015-10-01.pdf,Namibia,main,residual,"Residual, including asset changes 8/",-1.8,0.3,-1.8,2.1
St. Vincent and the Grenadines_2014-08-21.pdf,St. Vincent and the Grenadines,main,identified_flows,Identified debt-creating flows,1.8,1.8,-0.3,2.1
India_2012-04-18.pdf,India,main,residual,"Residual, including asset changes (2-3) 5/",-3.0,-3.0,-0.9,2.1
India_2012-04-18.pdf,India,main,automatic_debt_dynamics,Of which contribution from real interest rate,-2.3,-2.3,-0.2,2.0999999999999996
Barbados_2012-01-19.pdf,Barbados,main,automatic_debt_dynamics,Contribution from interest rate/growth differential 3/,8.0,8.0,5.9,2.0999999999999996
Namibia_2015-10-01.pdf,Namibia,main,automatic_debt_dynamics,Automatic debt dynamics 5/,-0.2,-2.3,-0.2,2.0999999999999996
Barbados_2012-01-19.pdf,Barbados,main,automatic_debt_dynamics,Automatic debt dynamics 2/,8.0,8.0,5.9,2.0999999999999996
Niger_2015-03-11.pdf,Niger,main,primary_balance,of which: grants,6.3,8.3,8.3,2.000000000000001
Indonesia_2015-03-19.pdf,Indonesia,main,automatic_debt_dynamics,Interest rate/growth differential 6/,-1.0,1.0,-1.0,2.0
Republic of Kosovo_2011-08-01.pdf,Kosovo,main,primary_balance,Primary deficit,0.7,0.7,2.7,2.0
Nepal_2014-07-18.pdf,Nepal,main,primary_balance,Primary (noninterest) expenditure,17.9,19.9,17.9,2.0
Jamaica_2015-09-24.pdf,Jamaica,main,automatic_debt_dynamics,Interest rate/growth differential 6/,1.0,-1.0,-1.0,2.0
Dominica_2011-11-14.pdf,Dominica,errors,identified_flows,Identified debt-creating flows,0.1,2.1,0.1,2.0
India_2012-04-18.pdf,India,main,identified_flows,Identified debt-creating flows (4+7+12),-1.6,-1.6,0.4,2.0
The Gambia_2012-06-06.pdf,Gambia,main,primary_balance,Primary deficit,0.9,2.9,0.9,2.0
Costa Rica_2011-07-05.pdf,Costa Rica,main,automatic_debt_dynamics,Automatic debt dynamics 2/,-1.8,-1.8,0.2,2.0
Niger_2015-03-11.pdf,Niger,main,identified_flows,Identified debt-creating flows,-2.0,0.0,0.0,2.0
The Gambia_2012-06-06.pdf,Gambia,main,automatic_debt_dynamics,Automatic debt dynamics,1.2,-0.7,1.2,1.9
Samoa_2013-06-14.pdf,Samoa,main,residual,"Residual, including asset changes",2.0,0.1,2.0,1.9
El Salvador_2013-05-22.pdf,El Salvador,errors,change_in_debt,Change in public sector debt,2.0,2.0,0.1,1.9
Republic of Kosovo_2011-08-01.pdf,Kosovo,main,primary_balance,Revenue and grants,29.3,29.3,27.5,1.8000000000000007
Lao People’s Democratic Republic_2015-02-26.pdf,Lao PDR,errors,automatic_debt_dynamics,Contribution from real exchange rate depreciation,-0.8,-0.8,-2.6,1.8
Lao People’s Democratic Republic_2015-02-26.pdf,Lao PDR,errors,change_in_debt,Change in public sector debt,-0.3,-0.3,1.5,1.8
St. Vincent and the Grenadines_2014-08-21.pdf,St. Vincent and the Grenadines,main,automatic_debt_dynamics,of which: contribution from real GDP growth,1.5,1.5,-0.3,1.8
Costa Rica_2011-07-05.pdf,Costa Rica,main,automatic_debt_dynamics,Contribution from interest rate/growth differential 3/,-1.8,-1.8,0.0,1.8
Myanmar_2014-10-06.pdf,Myanmar,main,residual,"Residual, including asset changes",-4.2,-4.2,-6.0,1.7999999999999998
St. Vincent and the Grenadines_2014-08-21.pdf,St. Vincent and the Grenadines,main,other_identified_flows,Other identified debt-creating flows,-2.3,-2.3,-0.5,1.7999999999999998
Costa Rica_2011-07-05.pdf,Costa Rica,main,automatic_debt_dynamics,Of which: contribution from real GDP growth,-1.4,-1.4,0.4,1.7999999999999998
St. Vincent and the Grenadines_2014-08-21.pdf,St. Vincent and the Grenadines,main,other_identified_flows,Privatization receipts (negative),-2.3,-2.3,-0.5,1.7999999999999998
Benin_2011-09-22.pdf,Benin,main,primary_balance,of which: grants,1.5,3.2,1.5,1.7000000000000002
Niger_2015-03-11.pdf,Niger,main,automatic_debt_dynamics,Contribution from interest rate/growth differential,-3.1,-1.4,-1.4,1.7000000000000002
Niger_2015-03-11.pdf,Niger,main,automatic_debt_dynamics,of which: contribution from real GDP growth,-2.8,-1.1,-1.1,1.6999999999999997
St. Vincent and the Grenadines_2014-08-21.pdf,St. Vincent and the Grenadines,main,automatic_debt_dynamics,Contribution from interest rate/growth differential,3.3,3.3,1.6,1.6999999999999997
Sierra Leone_2015-11-24.pdf,Sierra Leone,main,primary_balance,of which: grants,2.6,4.3,4.3,1.6999999999999997
Barbados_2012-01-19.pdf,Barbados,main,residual,"Residual, including asset changes (2-3) 5/",1.1,1.1,2.8,1.6999999999999997
Ghana_2015-09-04.pdf,Ghana,errors,primary_balance,Revenue and grants,18.4,16.7,16.7,1.6999999999999993
Benin_2011-09-22.pdf,Benin,main,primary_balance,Revenue and grants,20.0,21.7,20.0,1.6999999999999993
Cameroon_2014-07-17.pdf,Cameroon,main,primary_balance,Primary (noninterest) expenditure,20.1,20.1,21.8,1.6999999999999993
Romania_2015-03-27.pdf,Romania,main,automatic_debt_dynamics,Of which: real interest rate,0.8,-0.8,0.8,1.6
Sweden_2015-12-02.pdf,Sweden,main,automatic_debt_dynamics,Interest rate/growth differential 6/,-0.8,0.8,-0.8,1.6
Republic of Kosovo_2011-08-01.pdf,Kosovo,main,residual,"Residual, including asset changes",-4.2,-4.2,-2.6,1.6
Nicaragua_2013-12-27.pdf,Nicaragua,main,automatic_debt_dynamics,Automatic debt dynamics,-4.2,-2.6,-2.6,1.6
Niger_2015-03-11.pdf,Niger,main,primary_balance,Primary deficit,1.0,2.6,2.6,1.6
Republic of Lithuania_2013-03-28.pdf,Lithuania,main,automatic_debt_dynamics,Contribution from interest rate/growth differential 3/,-2.0,-0.4,-2.0,1.6
Cameroon_2012-08-13.pdf,Cameroon,main,primary_balance,Primary deficit,1.0,1.0,2.6,1.6
India_2012-04-18.pdf,India,main,other_identified_flows,Other identified debt-creating flows,1.7,1.7,0.1,1.5999999999999999
India_2012-04-18.pdf,India,main,other_identified_flows,Privatization receipts (negative),1.7,1.7,0.1,1.5999999999999999
Kenya_2013-04-30.pdf,Kenya,main,primary_balance,Primary (noninterest) expenditure,25.8,25.8,27.4,1.5999999999999979
Cyprus_2014-04-01.pdf,Cyprus,main,primary_balance,Primary deficit,3.2,1.7,3.2,1.5000000000000002
Myanmar_2014-10-06.pdf,Myanmar,main,primary_balance,Revenue and grants,23.3,23.3,24.8,1.5
Papua New Guinea_2012-06-01.pdf,Papua New Guinea,errors,primary_balance,Revenue and grants,29.8,31.3,31.3,1.5
Uganda_2014-12-12.pdf,Uganda,errors,automatic_debt_dynamics,Automatic debt dynamics,-0.2,-1.7,-0.2,1.5
Uganda_2014-12-12.pdf,Uganda,errors,other_identified_flows,Other identified debt-creating flows,0.0,1.5,0.0,1.5
Uganda_2014-12-12.pdf,Uganda,errors,other_identified_flows,Recognition of implicit or contingent liabilities,0.0,1.5,0.0,1.5
Romania_2012-10-23.pdf,Romania,errors,automatic_debt_dynamics,Of which: contribution from real interest rate,-0.8,0.7,0.7,1.5
Republic of the Marshall Islands_2014-02-03.pdf,Marshall Islands,main,automatic_debt_dynamics,Contribution from interest rate/growth differential,-1.5,0.0,-1.5,1.5
Burkina Faso_2012-07-02_CR2012-158.pdf,Burkina Faso,main,automatic_debt_dynamics,Automatic debt dynamics,-0.4,-1.9,-0.4,1.5
Ghana_2015-09-04.pdf,Ghana,errors,automatic_debt_dynamics,Contribution from interest rate/growth differential,0.2,-1.3,-1.3,1.5
Former Yugoslav Republic of Macedonia_2015-09-03.pdf,North Macedonia,main,primary_balance,Primary deficit,4.7,3.2,3.2,1.5
Republic of Lithuania_2013-03-28.pdf,Lithuania,main,primary_balance,Primary (noninterest) expenditure,35.5,34.0,35.5,1.5
The Federal Democratic Republic of Ethiopia_2012-10-18.pdf,Ethiopia,errors,primary_balance,Primary deficit,2.5,2.5,1.0,1.5
Costa Rica_2011-07-05.pdf,Costa Rica,main,change_in_debt,Change in public sector debt,0.9,0.9,2.4,1.5
Republic of the Marshall Islands_2014-02-03.pdf,Marshall Islands,main,automatic_debt_dynamics,of which: contribution from real GDP growth,-1.9,-0.4,-1.9,1.5
Dominica_2011-11-14.pdf,Dominica,errors,residual,"Residual, including asset changes",-0.5,1.0,-0.5,1.5
Romania_2012-10-23.pdf,Romania,errors,primary_balance,Primary (noninterest) expenditure,35.5,34.0,34.0,1.5
The Gambia_2012-06-06.pdf,Gambia,main,automatic_debt_dynamics,Contribution from interest rate/growth differential,-1.3,-2.8,-1.3,1.4999999999999998
Burkina Faso_2012-07-02_CR2012-158.pdf,Burkina Faso,main,primary_balance,Primary (noninterest) expenditure,25.3,23.9,25.3,1.4000000000000021
Republic of Congo_2011-08-17.pdf,Republic of Congo,main,primary_balance,Primary (noninterest) expenditure,23.8,23.8,22.4,1.4000000000000021
Papua New Guinea_2012-06-01.pdf,Papua New Guinea,errors,primary_balance,Primary (noninterest) expenditure,28.3,26.9,26.9,1.4000000000000021
Democratic Republic of São Tomé and Príncipe_2014-01-06.pdf,São Tomé and Príncipe,errors,primary_balance,Primary deficit,11.4,12.8,12.8,1.4000000000000004
Nicaragua_2011-11-14.pdf,Nicaragua,errors,automatic_debt_dynamics,Contribution from real exchange rate depreciation,0.2,0.2,1.6,1.4000000000000001
Costa Rica_2011-07-05.pdf,Costa Rica,main,primary_balance,Primary deficit,3.1,3.1,1.7,1.4000000000000001
Democratic Republic of São Tomé and Príncipe_2014-01-06.pdf,São Tomé and Príncipe,errors,other_identified_flows,Debt relief (HIPC and other),0.0,-1.4,-1.4,1.4
Democratic Republic of São Tomé and Príncipe_2014-01-06.pdf,São Tomé and Príncipe,errors,other_identified_flows,Other identified debt-creating flows,0.0,-1.4,-1.4,1.4
Democratic Republic of São Tomé and Príncipe_2014-01-06.pdf,São Tomé and Príncipe,errors,automatic_debt_dynamics,Contribution from real exchange rate depreciation,-3.6,-2.2,-2.2,1.4
The Federal Democratic Republic of Ethiopia_2012-10-18.pdf,Ethiopia,errors,automatic_debt_dynamics,Contribution from real exchange rate depreciation,0.5,0.5,1.9,1.4
Benin_2011-09-22.pdf,Benin,main,change_in_debt,Change in public sector debt,2.8,1.4,2.8,1.4
Romania_2012-10-23.pdf,Romania,errors,automatic_debt_dynamics,Contribution from interest rate/growth differential 3/,-1.5,-0.8,-0.1,1.4
Maldives_2011-09-26.pdf,Maldives,main,automatic_debt_dynamics,Contribution from real exchange rate depreciation,-3.4,-3.4,-2.0,1.4
Bhutan_2011-06-02.pdf,Bhutan,main,primary_balance,Primary deficit,-3.9,-5.3,-5.3,1.4
Republic of Congo_2014-09-04.pdf,Republic of Congo,errors,other_identified_flows,Privatization receipts (negative),2.5,1.1,1.1,1.4
Republic of Congo_2014-09-04.pdf,Republic of Congo,errors,other_identified_flows,Other identified debt-creating flows,2.5,1.1,1.1,1.4
Republic of Mozambique_2012-06-15.pdf,Mozambique,main,primary_balance,of which: grants,9.1,9.1,7.7,1.3999999999999995
Guinea-Bissau_2011-12-14.pdf,Guinea-Bissau,main,automatic_debt_dynamics,Contribution from interest rate/growth differential,-6.2,-6.2,-7.6,1.3999999999999995
Cameroon_2012-08-13.pdf,Cameroon,main,primary_balance,Revenue and grants,17.5,17.5,18.9,1.3999999999999986
Barbados_2012-01-19.pdf,Barbados,main,identified_flows,Identified debt-creating flows (4+7+12),11.7,11.7,10.3,1.3999999999999986
Former Yugoslav Republic of Macedonia_2015-09-03.pdf,North Macedonia,main,primary_balance,Primary (noninterest) expenditure,32.3,30.9,30.9,1.3999999999999986
Former Yugoslav Republic of Macedonia_2015-09-03.pdf,North Macedonia,main,identified_flows,Identified debt-creating flows,4.57,3.2,3.25,1.37
Former Yugoslav Republic of Macedonia_2015-09-03.pdf,North Macedonia,main,change_in_debt,Change in gross public sector debt,5.33,4.0,4.02,1.33
Democratic Republic of São Tomé and Príncipe_2014-01-06.pdf,São Tomé and Príncipe,errors,automatic_debt_dynamics,Automatic debt dynamics,-5.4,-4.1,-4.1,1.3000000000000007
The Gambia_2012-06-06.pdf,Gambia,main,primary_balance,Primary (noninterest) expenditure,20.5,21.8,20.5,1.3000000000000007
Burkina Faso_2012-07-02_CR2012-158.pdf,Burkina Faso,main,primary_balance,of which: grants,4.6,5.9,4.6,1.3000000000000007
Cyprus_2014-10-22.pdf,Cyprus,main,primary_balance,Primary deficit,1.9,3.2,1.9,1.3000000000000003
India_2012-04-18.pdf,India,main,automatic_debt_dynamics,Of which contribution from real GDP growth,-5.2,-5.2,-3.9,1.3000000000000003
Republic of Congo_2014-09-04.pdf,Republic of Congo,errors,automatic_debt_dynamics,Automatic debt dynamics,0.8,-0.5,-0.5,1.3
Benin_2011-09-22.pdf,Benin,main,residual,"Residual, including asset changes",1.3,0.0,1.3,1.3
Nicaragua_2011-11-14.pdf,Nicaragua,errors,other_identified_flows,Other identified debt-creating flows,0.2,0.2,-1.1,1.3
Republic of Kosovo_2012-05-09.pdf,Kosovo,errors,identified_flows,Identified debt-creating flows,0.3,1.6,1.6,1.3
Sierra Leone_2015-11-24.pdf,Sierra Leone,main,residual,"Residual, including asset changes",-1.2,0.1,0.1,1.3
Costa Rica_2011-07-05.pdf,Costa Rica,main,automatic_debt_dynamics,Contribution from exchange rate depreciation 4/,-1.1,-1.1,0.2,1.3
Niger_2015-03-11.pdf,Niger,main,automatic_debt_dynamics,Contribution from real exchange rate depreciation,0.1,-1.2,-1.2,1.3
Maldives_2011-09-26.pdf,Maldives,main,primary_balance,of which: grants,3.2,3.2,4.5,1.2999999999999998
Romania_2012-10-23.pdf,Romania,errors,identified_flows,Identified debt-creating flows (4+7+12),1.9,2.9,1.6,1.2999999999999998
Nicaragua_2011-11-14.pdf,Nicaragua,errors,primary_balance,Primary deficit,0.1,0.1,1.4,1.2999999999999998
Democratic Republic of São Tomé and Príncipe_2014-01-06.pdf,São Tomé and Príncipe,errors,identified_flows,Identified debt-creating flows,6.0,7.3,7.3,1.2999999999999998
Democratic Republic of São Tomé and Príncipe_2012-02-08.pdf,São Tomé and Príncipe,main,automatic_debt_dynamics,Automatic debt dynamics,-2.1,-0.9,-2.1,1.2000000000000002
Romania_2012-10-23.pdf,Romania,errors,primary_balance,Primary deficit,2.6,2.6,1.4,1.2000000000000002
Republic of Kosovo_2011-08-01.pdf,Kosovo,main,identified_flows,Identified debt-creating flows,0.5,0.5,1.7,1.2
Malta_2012-05-07.pdf,Malta,main,automatic_debt_dynamics,Automatic debt dynamics 2/,0.5,-0.7,0.5,1.2
Romania_2012-10-23.pdf,Romania,errors,residual,"Residual, including asset changes (2-3) 5/",-0.1,-1.0,0.2,1.2
Malta_2012-05-07.pdf,Malta,main,automatic_debt_dynamics,Contribution from interest rate/growth differential 3/,0.5,-0.7,0.5,1.2
Niger_2015-03-11.pdf,Niger,main,residual,"Residual, including asset changes",0.6,-0.6,-0.6,1.2
Nicaragua_2011-11-14.pdf,Nicaragua,errors,other_identified_flows,Debt relief (HIPC and other),-0.5,-0.5,-1.7,1.2
Ghana_2015-09-04.pdf,Ghana,errors,automatic_debt_dynamics,of which: contribution from real GDP growth,-2.2,-3.4,-3.4,1.1999999999999997
Sierra Leone_2015-11-24.pdf,Sierra Leone,main,primary_balance,Primary deficit,1.1,2.3,2.3,1.1999999999999997
Costa Rica_2011-07-05.pdf,Costa Rica,main,primary_balance,Primary (noninterest) expenditure,25.4,25.4,24.2,1.1999999999999993
Kenya_2013-04-30.pdf,Kenya,main,primary_balance,Revenue and grants,24.0,24.0,25.2,1.1999999999999993
India_2012-04-18.pdf,India,main,primary_balance,Primary (noninterest) expenditure,22.7,22.7,21.5,1.1999999999999993
St. Vincent and the Grenadines_2014-08-21.pdf,St. Vincent and the Grenadines,main,automatic_debt_dynamics,Contribution from real exchange rate depreciation,-0.7,-0.7,0.4,1.1
Uganda_2014-12-12.pdf,Uganda,errors,residual,"Residual, including asset changes",1.8,0.7,1.8,1.1
Burkina Faso_2012-07-02_CR2012-158.pdf,Burkina Faso,main,automatic_debt_dynamics,of which: contribution from real GDP growth,-1.7,-0.6,-1.7,1.1
Cameroon_2014-07-17.pdf,Cameroon,main,change_in_debt,Change in public sector debt,2.3,2.3,3.4,1.1
Cameroon_2014-07-17.pdf,Cameroon,main,automatic_debt_dynamics,Automatic debt dynamics,-0.6,-0.6,-1.7,1.1
Nicaragua_2013-12-27.pdf,Nicaragua,main,automatic_debt_dynamics,Contribution from real exchange rate depreciation,-1.9,-0.8,-0.8,1.0999999999999999
Australia_2014-02-12.pdf,Australia,main,change_in_debt,Change in gross public sector debt,1.8,2.9,2.9,1.0999999999999999
Republic of Kosovo_2012-05-09.pdf,Kosovo,errors,primary_balance,Primary deficit,1.7,2.7,2.7,1.0000000000000002
Uganda_2014-12-12.pdf,Uganda,errors,automatic_debt_dynamics,Contribution from real exchange rate depreciation,0.3,-0.7,0.3,1.0
Democratic Republic of São Tomé and Príncipe_2012-02-08.pdf,São Tomé and Príncipe,main,automatic_debt_dynamics,Contribution from interest rate/growth differential,-1.6,-0.6,-1.6,1.0
The Gambia_2012-06-06.pdf,Gambia,main,automatic_debt_dynamics,of which: contribution from real GDP growth,-2.2,-3.2,-2.2,1.0
Sierra Leone_2015-11-24.pdf,Sierra Leone,main,primary_balance,Revenue and grants,13.4,14.4,14.4,1.0
Romania_2012-10-23.pdf,Romania,errors,automatic_debt_dynamics,Automatic debt dynamics 2/,-0.7,0.3,0.2,1.0
Burkina Faso_2012-07-02_CR2012-158.pdf,Burkina Faso,main,automatic_debt_dynamics,Contribution from interest rate/growth differential,-1.8,-0.8,-1.8,1.0
Republic of Lithuania_2013-03-28.pdf,Lithuania,main,primary_balance,Revenue and grants,31.9,32.9,31.9,1.0
Guinea-Bissau_2011-12-14.pdf,Guinea-Bissau,main,automatic_debt_dynamics,of which: contribution from average real interest rate,-1.3,-1.3,-2.3,0.9999999999999998
Uganda_2014-12-12.pdf,Uganda,errors,change_in_debt,Change in public sector debt,4.1,3.1,4.1,0.9999999999999996
Bhutan_2011-06-02.pdf,Bhutan,main,primary_balance,Primary (noninterest) expenditure,31.1,30.2,30.2,0.9000000000000021
Cameroon_2014-07-17.pdf,Cameroon,main,identified_flows,Identified debt-creating flows,1.2,1.2,2.1,0.9000000000000001
Australia_2014-02-12.pdf,Australia,main,residual,"Residual, including asset changes 8/",-1.6,-0.7,-0.7,0.9000000000000001
Nepal_2014-07-18.pdf,Nepal,main,residual,"Residual, including asset changes",-2.2,-1.3,-2.2,0.9000000000000001
Nepal_2014-07-18.pdf,Nepal,main,primary_balance,of which: grants,1.8,2.7,1.8,0.9000000000000001
Republic of Kosovo_2011-08-01.pdf,Kosovo,main,primary_balance,of which: grants,0.0,0.0,0.9,0.9
Solomon Islands_2011-12-19.pdf,Solomon Islands,main,other_identified_flows,Other identified debt-creating flows,0.0,-0.9,0.0,0.9
Kenya_2013-04-30.pdf,Kenya,main,automatic_debt_dynamics,of which: contribution from average real interest rate,-0.8,-0.8,0.1,0.9
Solomon Islands_2011-12-19.pdf,Solomon Islands,main,other_identified_flows,Privatization receipts (negative),0.0,-0.9,0.0,0.9
Costa Rica_2011-07-05.pdf,Costa Rica,main,residual,"Residual, including asset changes 5/",-0.4,-0.4,0.5,0.9
Republic of Lithuania_2013-03-28.pdf,Lithuania,main,automatic_debt_dynamics,Of which contribution from real interest rate,0.0,0.9,0.0,0.9
Republic of Mozambique_2012-06-15.pdf,Mozambique,main,primary_balance,Primary deficit,3.1,3.1,4.0,0.8999999999999999
Lao People’s Democratic Republic_2015-02-26.pdf,Lao PDR,errors,automatic_debt_dynamics,of which: contribution from average real interest rate,0.2,0.2,-0.7,0.8999999999999999
Nicaragua_2011-11-14.pdf,Nicaragua,errors,primary_balance,Revenue and grants,22.2,22.2,21.3,0.8999999999999986
Republic of Mozambique_2012-06-15.pdf,Mozambique,main,primary_balance,Primary (noninterest) expenditure,32.8,32.8,33.6,0.8000000000000043
Malta_2012-05-07.pdf,Malta,main,primary_balance,Revenue and grants,40.1,39.3,40.1,0.8000000000000043
Republic of Kosovo_2012-05-09.pdf,Kosovo,errors,primary_balance,"Revenue, grants, and interest income",28.1,27.3,27.3,0.8000000000000007
The Federal Democratic Republic of Ethiopia_2012-10-18.pdf,Ethiopia,errors,primary_balance,Primary (noninterest) expenditure,21.5,21.5,20.7,0.8000000000000007
Myanmar_2012-05-07.pdf,Myanmar,main,primary_balance,Primary deficit,3.9,4.7,4.7,0.8000000000000003
Republic of Congo_2014-09-04.pdf,Republic of Congo,errors,automatic_debt_dynamics,Contribution from interest rate/growth differential,-0.5,-1.3,-1.3,0.8
Republic of Kosovo_2011-08-01.pdf,Kosovo,main,automatic_debt_dynamics,Automatic debt dynamics,-0.2,-0.2,-1.0,0.8
Romania_2012-10-23.pdf,Romania,errors,automatic_debt_dynamics,Of which: contribution from real GDP growth,-0.7,-1.5,-0.8,0.8
Republic of Kosovo_2011-08-01.pdf,Kosovo,main,automatic_debt_dynamics,Contribution from real exchange rate depreciation,0.5,0.5,-0.3,0.8
Malta_2012-05-07.pdf,Malta,main,primary_balance,Primary deficit,-0.2,0.6,-0.2,0.8
Cameroon_2012-08-13.pdf,Cameroon,main,automatic_debt_dynamics,Automatic debt dynamics,-0.2,-0.2,-1.0,0.8
Cameroon_2014-07-17.pdf,Cameroon,main,automatic_debt_dynamics,Contribution from real exchange rate depreciation,0.0,0.0,-0.8,0.8
Niger_2015-03-11.pdf,Niger,main,change_in_debt,Change in public sector debt,-1.4,-0.6,-0.6,0.7999999999999999
Democratic Republic of the Congo_2013-04-03.pdf,Democratic Republic of the Congo,main,primary_balance,Of which: grants,7.0,7.0,6.2,0.7999999999999998
Myanmar_2012-05-07.pdf,Myanmar,main,residual,"Residual, including asset changes",3.0,2.2,2.2,0.7999999999999998
Burkina Faso_2012-07-02_CR2012-158.pdf,Burkina Faso,main,primary_balance,Primary deficit,5.1,4.3,5.1,0.7999999999999998
Lao People’s Democratic Republic_2015-02-26.pdf,Lao PDR,errors,automatic_debt_dynamics,Contribution from interest rate/growth differential,-4.2,-4.2,-5.0,0.7999999999999998
Democratic Republic of the Congo_2013-04-03.pdf,Democratic Republic of the Congo,main,primary_balance,Revenue and grants,25.9,25.9,25.1,0.7999999999999972
Romania_2012-10-23.pdf,Romania,errors,primary_balance,Revenue and grants,33.0,33.4,32.6,0.7999999999999972
Cyprus_2014-10-22.pdf,Cyprus,main,primary_balance,Primary (noninterest) expenditure,43.4,42.6,43.4,0.7999999999999972
The Gambia_2012-06-06.pdf,Gambia,main,primary_balance,Revenue and grants,19.6,18.9,19.6,0.7000000000000028
Myanmar_2012-05-07.pdf,Myanmar,main,primary_balance,Primary (noninterest) expenditure,15.9,16.6,16.6,0.7000000000000011
The Gambia_2012-06-06.pdf,Gambia,main,primary_balance,of which: grants,4.7,4.0,4.7,0.7000000000000002
Barbados_2012-01-19.pdf,Barbados,main,primary_balance,Primary deficit,3.7,3.7,4.4,0.7000000000000002
Burkina Faso_2012-07-02_CR2012-158.pdf,Burkina Faso,main,change_in_debt,Change in public sector debt,2.0,2.7,2.0,0.7000000000000002
Kenya_2013-04-30.pdf,Kenya,main,automatic_debt_dynamics,Contribution from interest rate/growth differential,-2.7,-2.7,-2.0,0.7000000000000002
Papua New Guinea_2012-06-01.pdf,Papua New Guinea,errors,automatic_debt_dynamics,Contribution from interest rate/growth differential,-1.9,-2.6,-2.6,0.7000000000000002
Republic of Kosovo_2012-05-09.pdf,Kosovo,errors,residual,"Residual, including asset changes",-1.9,-2.6,-2.6,0.7000000000000002
Kenya_2013-04-30.pdf,Kenya,main,primary_balance,of which: grants,0.6,0.6,1.3,0.7000000000000001
Cameroon_2012-08-13.pdf,Cameroon,main,identified_flows,Identified debt-creating flows,0.9,0.9,1.6,0.7000000000000001
Samoa_2013-06-14.pdf,Samoa,main,automatic_debt_dynamics,of which: contribution from real GDP growth,-0.9,-1.6,-0.9,0.7000000000000001
Nicaragua_2013-12-27.pdf,Nicaragua,main,primary_balance,Primary deficit,-1.1,-0.4,-0.4,0.7000000000000001
Republic of Congo_2014-09-04.pdf,Republic of Congo,errors,automatic_debt_dynamics,of which: contribution from average real interest rate,0.6,-0.1,-0.1,0.7
Dominica_2011-11-14.pdf,Dominica,errors,automatic_debt_dynamics,Contribution from interest rate/growth differential,1.8,1.1,1.8,0.7
Cameroon_2012-08-13.pdf,Cameroon,main,automatic_debt_dynamics,Contribution from real exchange rate depreciation,0.2,0.2,-0.5,0.7
India_2012-04-18.pdf,India,main,automatic_debt_dynamics,Contribution from exchange rate depreciation 4/,0.0,0.0,0.7,0.7
Republic of Lithuania_2013-03-28.pdf,Lithuania,main,automatic_debt_dynamics,Of which contribution from real GDP growth,-2.0,-1.3,-2.0,0.7
Dominica_2011-11-14.pdf,Dominica,errors,automatic_debt_dynamics,of which: contribution from real GDP growth,0.5,-0.2,0.5,0.7
Malta_2012-05-07.pdf,Malta,main,change_in_debt,Change in public sector debt,1.7,1.0,1.7,0.7
Papua New Guinea_2012-06-01.pdf,Papua New Guinea,errors,automatic_debt_dynamics,Contribution from real exchange rate depreciation,-1.9,-1.2,-1.2,0.7
Malta_2012-05-07.pdf,Malta,main,automatic_debt_dynamics,Of which: Contribution from real interest rate,1.8,1.1,1.8,0.7
India_2012-04-18.pdf,India,main,primary_balance,Revenue and grants,18.4,18.4,17.7,0.6999999999999993
Cameroon_2014-07-17.pdf,Cameroon,main,primary_balance,Revenue and grants,18.8,18.8,18.1,0.6999999999999993
Myanmar_2014-10-06.pdf,Myanmar,main,primary_balance,Primary (noninterest) expenditure,25.5,25.5,24.8,0.6999999999999993
St. Vincent and the Grenadines_2014-08-21.pdf,St. Vincent and the Grenadines,main,primary_balance,of which: grants,4.4,4.4,5.1,0.6999999999999993
Nepal_2014-07-18.pdf,Nepal,main,primary_balance,Revenue and grants,19.3,18.7,19.3,0.6000000000000014
Ghana_2015-09-04.pdf,Ghana,errors,primary_balance,Primary (noninterest) expenditure,21.7,22.3,22.3,0.6000000000000014
Australia_2014-02-12.pdf,Australia,main,primary_balance,Primary (noninterest) expenditure,36.1,35.5,35.5,0.6000000000000014
Uganda_2014-12-12.pdf,Uganda,errors,primary_balance,Revenue and grants,14.8,14.2,14.8,0.6000000000000014
Burkina Faso_2012-07-02_CR2012-158.pdf,Burkina Faso,main,other_identified_flows,Privatization receipts (negative),-0.2,-0.8,-0.2,0.6000000000000001
Bhutan_2011-06-02.pdf,Bhutan,main,automatic_debt_dynamics,of which: contribution from average real interest rate,2.2,1.6,1.6,0.6000000000000001
Samoa_2013-06-14.pdf,Samoa,main,automatic_debt_dynamics,Contribution from interest rate/growth differential,0.8,0.2,0.8,0.6000000000000001
Samoa_2013-06-14.pdf,Samoa,main,primary_balance,Primary deficit,2.5,3.1,2.5,0.6000000000000001
Kenya_2013-04-30.pdf,Kenya,main,identified_flows,Identified debt-creating flows,-2.0,-2.0,-1.4,0.6000000000000001
Papua New Guinea_2012-06-01.pdf,Papua New Guinea,errors,automatic_debt_dynamics,of which: contribution from average real interest rate,0.2,-0.4,-0.4,0.6000000000000001
Republic of Kosovo_2012-05-09.pdf,Kosovo,errors,change_in_debt,Change in public sector debt,-1.6,-1.0,-1.0,0.6000000000000001
Ghana_2015-09-04.pdf,Ghana,errors,residual,"Residual, including asset changes",1.5,2.1,2.1,0.6000000000000001
St. Vincent and the Grenadines_2014-08-21.pdf,St. Vincent and the Grenadines,main,automatic_debt_dynamics,Automatic debt dynamics,2.6,2.6,2.0,0.6000000000000001
Burkina Faso_2012-07-02_CR2012-158.pdf,Burkina Faso,main,other_identified_flows,Other identified debt-creating flows,-0.2,-0.8,-0.2,0.6000000000000001
Cameroon_2012-08-13.pdf,Cameroon,main,residual,"Residual, including asset changes",0.6,0.6,0.0,0.6
Angola_2014-09-05.pdf,Angola,main,automatic_debt_dynamics,Of which: real interest rate,-0.3,0.3,0.3,0.6
Democratic Republic of São Tomé and Príncipe_2012-02-08.pdf,São Tomé and Príncipe,main,automatic_debt_dynamics,of which: contribution from real GDP growth,-1.5,-0.9,-1.5,0.6
Romania_2015-03-27.pdf,Romania,main,automatic_debt_dynamics,Interest rate/growth differential 6/,0.3,0.3,-0.3,0.6
Malta_2012-05-07.pdf,Malta,main,automatic_debt_dynamics,Of which: Contribution from real GDP growth,-1.3,-1.9,-1.3,0.5999999999999999
Costa Rica_2011-07-05.pdf,Costa Rica,main,identified_flows,Identified debt-creating flows (4+7+12),1.3,1.3,1.9,0.5999999999999999
Uganda_2014-12-12.pdf,Uganda,errors,primary_balance,of which: grants,1.7,1.1,1.7,0.5999999999999999
Samoa_2013-06-14.pdf,Samoa,main,primary_balance,of which: grants,8.9,9.5,8.9,0.5999999999999996
El Salvador_2013-05-22.pdf,El Salvador,errors,primary_balance,Revenue and grants,18.9,18.9,18.3,0.5999999999999979
The Federal Democratic Republic of Ethiopia_2012-10-18.pdf,Ethiopia,errors,primary_balance,Revenue and grants,19.1,19.1,19.7,0.5999999999999979
Republic of the Marshall Islands_2014-02-03.pdf,Marshall Islands,main,primary_balance,Primary (noninterest) expenditure,54.2,54.8,54.2,0.5999999999999943
Republic of Lithuania_2013-03-28.pdf,Lithuania,main,change_in_debt,Change in public sector debt,0.6,1.1,0.6,0.5000000000000001
Myanmar_2014-10-06.pdf,Myanmar,main,automatic_debt_dynamics,Contribution from interest rate/growth differential,-3.1,-3.1,-3.6,0.5
Namibia_2015-10-01.pdf,Namibia,main,change_in_debt,Change in gross public sector debt,0.9,0.4,0.9,0.5
Uganda_2014-12-12.pdf,Uganda,errors,primary_balance,Primary (noninterest) expenditure,17.3,16.8,17.3,0.5
Samoa_2013-06-14.pdf,Samoa,main,primary_balance,Primary (noninterest) expenditure,40.0,40.5,40.0,0.5
Democratic Republic of the Congo_2013-04-03.pdf,Democratic Republic of the Congo,main,other_identified_flows,Privatization receipts (negative),0.0,0.0,-0.5,0.5
Nicaragua_2013-12-27.pdf,Nicaragua,main,primary_balance,Revenue and grants,27.8,27.3,27.3,0.5
India_2012-04-18.pdf,India,main,primary_balance,Primary deficit,4.3,4.3,3.8,0.5
Romania_2012-10-23.pdf,Romania,errors,automatic_debt_dynamics,Contribution from exchange rate depreciation 4/,0.8,0.8,0.3,0.5
El Salvador_2013-05-22.pdf,El Salvador,errors,primary_balance,Primary (noninterest) expenditure,20.5,20.5,20.0,0.5
Namibia_2015-10-01.pdf,Namibia,main,primary_balance,Primary deficit,2.9,2.4,2.9,0.5
The Bahamas_2014-03-07.pdf,Bahamas,main,primary_balance,Primary deficit,3.3,3.3,3.8,0.5
The Gambia_2012-06-06.pdf,Gambia,main,automatic_debt_dynamics,Contribution from real exchange rate depreciation,2.5,2.0,2.5,0.5
Australia_2014-02-12.pdf,Australia,main,primary_balance,Primary (noninterest) revenue and grants,33.0,32.5,32.5,0.5
Cyprus_2014-04-01.pdf,Cyprus,main,primary_balance,Primary (noninterest) expenditure,42.8,43.3,42.8,0.5
Republic of Congo_2014-09-04.pdf,Republic of Congo,errors,identified_flows,Identified debt-creating flows,-5.5,-6.0,-6.0,0.5
The Federal Democratic Republic of Ethiopia_2012-10-18.pdf,Ethiopia,errors,primary_balance,Of which: grants,6.0,6.0,6.5,0.5
Lao People’s Democratic Republic_2015-02-26.pdf,Lao PDR,errors,primary_balance,of which: grants,5.5,5.5,6.0,0.5
Republic of Belarus_2015-05-29.pdf,Belarus,main,other_identified_flows,Sberbank loans,-0.5,-0.5,0.0,0.5
Burkina Faso_2012-07-02_CR2012-158.pdf,Burkina Faso,main,primary_balance,Revenue and grants,20.1,19.6,20.1,0.5
Tuvalu_2012-09-04.pdf,Tuvalu,errors,automatic_debt_dynamics,Contribution from interest rate/growth differential,1.3,1.8,1.3,0.5
Republic of Congo_2014-09-04.pdf,Republic of Congo,errors,automatic_debt_dynamics,Contribution from real exchange rate depreciation,1.3,0.8,0.8,0.5
Bhutan_2011-06-02.pdf,Bhutan,main,primary_balance,Revenue and grants,35.1,35.6,35.6,0.5
Republic of Lithuania_2013-03-28.pdf,Lithuania,main,identified_flows,Identified debt-creating flows (4+7+12),0.1,0.6,0.1,0.5
Myanmar_2012-05-07.pdf,Myanmar,main,primary_balance,of which: grants,0.7,0.2,0.2,0.49999999999999994
Australia_2014-02-12.pdf,Australia,main,automatic_debt_dynamics,Of which: real interest rate,0.9,1.4,1.4,0.4999999999999999
Nicaragua_2013-12-27.pdf,Nicaragua,main,automatic_debt_dynamics,Contribution from interest rate/growth differential,-2.3,-1.8,-1.8,0.4999999999999998
Republic of the Marshall Islands_2014-02-03.pdf,Marshall Islands,main,change_in_debt,Change in public sector debt,-4.1,-3.6,-4.1,0.49999999999999956
Guinea-Bissau_2011-12-14.pdf,Guinea-Bissau,main,primary_balance,Primary (noninterest) expenditure,21.9,21.9,22.3,0.40000000000000213
Democratic Republic of São Tomé and Príncipe_2014-01-06.pdf,São Tomé and Príncipe,errors,primary_balance,of which: grants,16.9,17.3,17.3,0.40000000000000213
Democratic Republic of São Tomé and Príncipe_2012-02-08.pdf,São Tomé and Príncipe,main,change_in_debt,Change in public sector debt,12.4,12.8,12.4,0.40000000000000036
Kenya_2013-04-30.pdf,Kenya,main,automatic_debt_dynamics,Contribution from real exchange rate depreciation,-1.2,-1.2,-1.6,0.40000000000000013
Republic of Mozambique_2012-06-15.pdf,Mozambique,main,automatic_debt_dynamics,Contribution from real exchange rate depreciation,-1.4,-1.4,-1.8,0.40000000000000013
Uganda_2014-12-12.pdf,Uganda,errors,automatic_debt_dynamics,of which: contribution from average real interest rate,0.9,0.5,0.9,0.4
The Gambia_2012-06-06.pdf,Gambia,main,automatic_debt_dynamics,of which: contribution from average real interest rate,0.9,0.5,0.9,0.4
Malta_2012-05-07.pdf,Malta,main,identified_flows,Identified debt-creating flows (4+7+12),0.2,-0.2,0.2,0.4
Uganda_2014-12-12.pdf,Uganda,errors,automatic_debt_dynamics,Contribution from interest rate/growth differential,-0.6,-1.0,-0.6,0.4
Nicaragua_2011-11-14.pdf,Nicaragua,errors,automatic_debt_dynamics,of which: contribution from average real interest rate,0.5,0.5,0.9,0.4
Democratic Republic of São Tomé and Príncipe_2012-02-08.pdf,São Tomé and Príncipe,main,automatic_debt_dynamics,of which: contribution from average real interest rate,-0.1,0.3,-0.1,0.4
Dominica_2011-11-14.pdf,Dominica,errors,automatic_debt_dynamics,Contribution from real exchange rate depreciation,-0.6,-0.2,-0.6,0.39999999999999997
Nicaragua_2013-12-27.pdf,Nicaragua,main,automatic_debt_dynamics,of which: contribution from real GDP growth,-2.6,-2.2,-2.2,0.3999999999999999
Ghana_2015-09-04.pdf,Ghana,errors,automatic_debt_dynamics,of which: contribution from average real interest rate,2.4,2.0,2.0,0.3999999999999999
Niger_2015-03-11.pdf,Niger,main,automatic_debt_dynamics,Automatic debt dynamics,-3.0,-2.6,-2.6,0.3999999999999999
Guinea-Bissau_2011-12-14.pdf,Guinea-Bissau,main,automatic_debt_dynamics,of which: contribution from real GDP growth,-4.9,-4.9,-5.3,0.39999999999999947
Nicaragua_2011-11-14.pdf,Nicaragua,errors,primary_balance,Primary (noninterest) expenditure,22.3,22.3,22.7,0.3999999999999986
Barbados_2012-01-19.pdf,Barbados,main,change_in_debt,Change in public sector debt,12.8,12.8,13.2,0.3999999999999986
Republic of Kosovo_2011-08-01.pdf,Kosovo,main,primary_balance,Primary (noninterest) expenditure,29.9,29.9,30.2,0.3000000000000007
Costa Rica_2011-07-05.pdf,Costa Rica,main,primary_balance,Revenue and grants,22.2,22.2,22.5,0.3000000000000007
Kenya_2013-04-30.pdf,Kenya,main,primary_balance,Primary deficit,1.9,1.9,2.2,0.30000000000000027
Myanmar_2014-10-06.pdf,Myanmar,main,automatic_debt_dynamics,of which: contribution from real GDP growth,-3.4,-3.4,-3.7,0.30000000000000027
Cameroon_2014-07-17.pdf,Cameroon,main,automatic_debt_dynamics,Contribution from interest rate/growth differential,-0.6,-0.6,-0.9,0.30000000000000004
Solomon Islands_2011-12-19.pdf,Solomon Islands,main,automatic_debt_dynamics,Contribution from real exchange rate depreciation,-1.0,-1.3,-1.0,0.30000000000000004
Nepal_2014-07-18.pdf,Nepal,main,automatic_debt_dynamics,of which: contribution from real GDP growth,-1.3,-1.6,-1.3,0.30000000000000004
Republic of Congo_2014-09-04.pdf,Republic of Congo,errors,primary_balance,of which: grants,0.4,0.1,0.1,0.30000000000000004
Malta_2012-05-07.pdf,Malta,main,residual,"Residual, including asset changes (2-3) 5/",1.5,1.2,1.5,0.30000000000000004
Republic of Kosovo_2012-05-09.pdf,Kosovo,errors,primary_balance,of which: grants,0.6,0.9,0.9,0.30000000000000004
Myanmar_2012-05-07.pdf,Myanmar,main,automatic_debt_dynamics,of which: contribution from average real interest rate,-0.8,-0.5,-0.5,0.30000000000000004
Nicaragua_2013-12-27.pdf,Nicaragua,main,residual,"Residual, including asset changes",0.5,0.8,0.8,0.30000000000000004
Cameroon_2014-07-17.pdf,Cameroon,main,other_identified_flows,Other identified debt-creating flows,0.5,0.5,0.2,0.3
Cameroon_2014-07-17.pdf,Cameroon,main,other_identified_flows,"Other (specify, e.g. bank recapitalization)",0.5,0.5,0.2,0.3
El Salvador_2013-05-22.pdf,El Salvador,errors,residual,"Residual, including asset changes",-0.3,-0.3,0.0,0.3
Dominica_2011-11-14.pdf,Dominica,errors,automatic_debt_dynamics,Automatic debt dynamics,1.2,0.9,1.2,0.29999999999999993
Myanmar_2012-05-07.pdf,Myanmar,main,automatic_debt_dynamics,of which: contribution from real GDP growth,-2.2,-2.5,-2.5,0.2999999999999998
Kenya_2013-04-30.pdf,Kenya,main,automatic_debt_dynamics,Automatic debt dynamics,-3.9,-3.9,-3.6,0.2999999999999998
Nicaragua_2013-12-27.pdf,Nicaragua,main,primary_balance,of which: grants,2.4,2.1,2.1,0.2999999999999998
Kenya_2013-04-30.pdf,Kenya,main,automatic_debt_dynamics,of which: contribution from real GDP growth,-1.9,-1.9,-2.1,0.20000000000000018
Lao People’s Democratic Republic_2015-02-26.pdf,Lao PDR,errors,automatic_debt_dynamics,of which: contribution from real GDP growth,-4.4,-4.4,-4.2,0.20000000000000018
Australia_2014-02-12.pdf,Australia,main,identified_flows,Identified debt-creating flows,3.3,3.5,3.5,0.20000000000000018
Malaysia_2015-03-03.pdf,Malaysia,main,change_in_debt,Change in gross public sector debt,1.6,1.4,1.4,0.20000000000000018
Republic of Congo_2011-08-17.pdf,Republic of Congo,main,automatic_debt_dynamics,of which: contribution from real GDP growth,-4.8,-4.8,-4.6,0.20000000000000018
The Gambia_2012-06-06.pdf,Gambia,main,identified_flows,Identified debt-creating flows,2.0,2.2,2.0,0.20000000000000018
Former Yugoslav Republic of Macedonia_2015-09-03.pdf,North Macedonia,main,automatic_debt_dynamics,Interest rate/growth differential 6/,-0.9,-0.7,-0.7,0.20000000000000007
Cameroon_2014-07-17.pdf,Cameroon,main,automatic_debt_dynamics,of which: contribution from real GDP growth,-0.6,-0.6,-0.8,0.20000000000000007
Republic of Kosovo_2012-05-09.pdf,Kosovo,errors,automatic_debt_dynamics,Contribution from interest rate/growth differential,-0.8,-0.6,-0.6,0.20000000000000007
Cameroon_2012-08-13.pdf,Cameroon,main,automatic_debt_dynamics,of which: contribution from real GDP growth,-0.3,-0.3,-0.5,0.2
Australia_2014-02-12.pdf,Australia,main,automatic_debt_dynamics,Automatic debt dynamics 5/,0.3,0.5,0.5,0.2
Australia_2014-02-12.pdf,Australia,main,automatic_debt_dynamics,Interest rate/growth differential 6/,0.3,0.5,0.5,0.2
Solomon Islands_2011-12-19.pdf,Solomon Islands,main,automatic_debt_dynamics,of which: contribution from average real interest rate,-0.3,-0.5,-0.3,0.2
Russian Federation_2015-08-03.pdf,Russian Federation,errors,automatic_debt_dynamics,Of which: real interest rate,-0.1,0.1,0.1,0.2
Republic of Mozambique_2012-06-15.pdf,Mozambique,main,other_identified_flows,Other identified debt-creating flows,-0.2,-0.2,0.0,0.2
Myanmar_2014-10-06.pdf,Myanmar,main,automatic_debt_dynamics,of which: contribution from average real interest rate,0.2,0.2,0.0,0.2
Republic of Congo_2011-08-17.pdf,Republic of Congo,main,primary_balance,of which: grants,0.3,0.3,0.1,0.19999999999999998
Sierra Leone_2015-11-24.pdf,Sierra Leone,main,automatic_debt_dynamics,of which: contribution from average real interest rate,1.3,1.1,1.1,0.19999999999999996
Ghana_2015-09-04.pdf,Ghana,errors,primary_balance,of which: grants,0.7,0.5,0.5,0.19999999999999996
Former Yugoslav Republic of Macedonia_2015-09-03.pdf,North Macedonia,main,automatic_debt_dynamics,Of which: real GDP growth,-1.4,-1.2,-1.2,0.19999999999999996
Malaysia_2015-03-03.pdf,Malaysia,main,identified_flows,Identified debt-creating flows,1.8,1.6,1.6,0.19999999999999996
Republic of Kosovo_2012-05-09.pdf,Kosovo,errors,automatic_debt_dynamics,Automatic debt dynamics,-1.3,-1.1,-1.1,0.19999999999999996
Cameroon_2014-07-17.pdf,Cameroon,main,residual,"Residual, including asset changes",1.1,1.1,1.3,0.19999999999999996
Namibia_2015-10-01.pdf,Namibia,main,automatic_debt_dynamics,Of which: real interest rate,-1.1,-1.3,-1.1,0.19999999999999996
Nepal_2014-07-18.pdf,Nepal,main,automatic_debt_dynamics,Contribution from interest rate/growth differential,-1.6,-1.8,-1.6,0.19999999999999996
El Salvador_2013-05-22.pdf,El Salvador,errors,automatic_debt_dynamics,Of which contribution from real GDP growth,-0.8,-0.8,-1.0,0.19999999999999996
Republic of Mozambique_2012-06-15.pdf,Mozambique,main,automatic_debt_dynamics,of which: contribution from real GDP growth,-2.6,-2.6,-2.8,0.19999999999999973
Senegal_2013-06-24.pdf,Senegal,main,primary_balance,Revenue and grants,23.1,23.3,23.1,0.1999999999999993
Myanmar_2012-05-07.pdf,Myanmar,main,primary_balance,Revenue and grants,12.1,11.9,11.9,0.1999999999999993
Nicaragua_2013-12-27.pdf,Nicaragua,main,primary_balance,Primary (noninterest) expenditure,26.7,26.9,26.9,0.1999999999999993
Republic of Kosovo_2012-05-09.pdf,Kosovo,errors,primary_balance,Primary (noninterest) expenditure,29.8,30.0,30.0,0.1999999999999993
St. Vincent and the Grenadines_2014-08-21.pdf,St. Vincent and the Grenadines,main,primary_balance,Revenue and grants,45.9,45.9,46.0,0.10000000000000142
Malta_2012-05-07.pdf,Malta,main,primary_balance,Primary (noninterest) expenditure,39.8,39.9,39.8,0.10000000000000142
Myanmar_2012-05-07.pdf,Myanmar,main,automatic_debt_dynamics,Contribution from interest rate/growth differential,-3.1,-3.0,-3.0,0.10000000000000009
Uganda_2014-12-12.pdf,Uganda,errors,primary_balance,Primary deficit,2.5,2.6,2.5,0.10000000000000009
Cameroon_2012-08-13.pdf,Cameroon,main,change_in_debt,Change in public sector debt,1.5,1.5,1.6,0.10000000000000009
France_2014-07-03.pdf,France,main,change_in_debt,Change in gross public sector debt,3.0,3.1,3.0,0.10000000000000009
Italy_2014-09-18.pdf,Italy,main,identified_flows,Identified debt-creating flows,3.19,3.1,3.2,0.10000000000000009
Australia_2014-02-12.pdf,Australia,main,primary_balance,Primary deficit,3.1,3.0,3.0,0.10000000000000009
Uganda_2014-12-12.pdf,Uganda,errors,identified_flows,Identified debt-creating flows,2.3,2.4,2.3,0.10000000000000009
Slovak Republic_2014-09-02.pdf,Slovak Republic,main,automatic_debt_dynamics,Interest rate/growth differential 6/,1.3,1.2,1.2,0.10000000000000009
Papua New Guinea_2012-06-01.pdf,Papua New Guinea,errors,automatic_debt_dynamics,of which: contribution from real GDP growth,-2.1,-2.2,-2.2,0.10000000000000009
Republic of Kosovo_2012-05-09.pdf,Kosovo,errors,automatic_debt_dynamics,of which: contribution from real GDP growth,-0.8,-0.7,-0.7,0.10000000000000009
Nicaragua_2011-11-14.pdf,Nicaragua,errors,primary_balance,of which: grants,2.5,2.5,2.4,0.10000000000000009
Namibia_2015-10-01.pdf,Namibia,main,automatic_debt_dynamics,Of which: real GDP growth,-1.1,-1.0,-1.1,0.10000000000000009
Benin_2011-09-22.pdf,Benin,main,identified_flows,Identified debt-creating flows,1.5,1.4,1.5,0.10000000000000009
Australia_2014-02-12.pdf,Australia,main,automatic_debt_dynamics,Of which: real GDP growth,-0.7,-0.8,-0.8,0.10000000000000009
Malaysia_2015-03-03.pdf,Malaysia,main,other_identified_flows,Other identified debt-creating flows,-0.3,-0.4,-0.3,0.10000000000000003
Malaysia_2015-03-03.pdf,Malaysia,main,other_identified_flows,Other changes in financial assets,-0.3,-0.4,-0.3,0.10000000000000003
Nicaragua_2013-12-27.pdf,Nicaragua,main,automatic_debt_dynamics,of which: contribution from average real interest rate,0.3,0.4,0.4,0.10000000000000003
Seychelles_2015-07-22.pdf,Seychelles,main,automatic_debt_dynamics,Automatic debt dynamics 4/,0.3,0.4,0.4,0.10000000000000003
Nicaragua_2013-12-27.pdf,Nicaragua,main,other_identified_flows,Debt relief (HIPC and other),-0.3,-0.4,-0.4,0.10000000000000003
Niger_2015-03-11.pdf,Niger,main,automatic_debt_dynamics,of which: contribution from average real interest rate,-0.3,-0.4,-0.4,0.10000000000000003
Cameroon_2014-07-17.pdf,Cameroon,main,primary_balance,of which: grants,0.4,0.4,0.3,0.10000000000000003
Cameroon_2012-08-13.pdf,Cameroon,main,automatic_debt_dynamics,of which: contribution from average real interest rate,-0.1,-0.1,0.0,0.1
Myanmar_2014-10-06.pdf,Myanmar,main,primary_balance,of which: grants,0.1,0.1,0.2,0.1
Sierra Leone_2015-11-24.pdf,Sierra Leone,main,other_identified_flows,Other identified debt-creating flows,-0.1,-0.2,-0.2,0.1
Nicaragua_2013-12-27.pdf,Nicaragua,main,other_identified_flows,Other identified debt-creating flows,0.1,0.0,0.0,0.1
Sierra Leone_2015-11-24.pdf,Sierra Leone,main,other_identified_flows,Debt relief (HIPC and other),0.0,-0.1,-0.1,0.1
Samoa_2013-06-14.pdf,Samoa,main,other_identified_flows,Privatization receipts (negative),0.0,0.1,0.0,0.1
Samoa_2013-06-14.pdf,Samoa,main,other_identified_flows,Other identified debt-creating flows,0.0,0.1,0.0,0.1
Cameroon_2014-07-17.pdf,Cameroon,main,automatic_debt_dynamics,of which: contribution from average real interest rate,0.0,0.0,-0.1,0.1
Burkina Faso_2012-07-02_CR2012-158.pdf,Burkina Faso,main,automatic_debt_dynamics,of which: contribution from average real interest rate,-0.1,-0.2,-0.1,0.1
Republic of Mozambique_2012-06-15.pdf,Mozambique,main,other_identified_flows,Privatization receipts (negative),-0.1,-0.1,0.0,0.1
Benin_2011-09-22.pdf,Benin,main,automatic_debt_dynamics,Contribution from interest rate/growth differential,0.1,0.2,0.1,0.1
Republic of Kosovo_2011-08-01.pdf,Kosovo,main,automatic_debt_dynamics,of which: contribution from average real interest rate,-0.1,-0.1,0.0,0.1
Russian Federation_2014-07-01.pdf,Russian Federation,main,other_identified_flows,General Government: Net privatization,-0.1,0.0,-0.1,0.1
Republic of Mozambique_2012-06-15.pdf,Mozambique,main,other_identified_flows,Debt relief (HIPC and other),-0.1,-0.1,0.0,0.1
Benin_2011-09-22.pdf,Benin,main,other_identified_flows,Other identified debt-creating flows,-0.5,-0.6,-0.5,0.09999999999999998
Benin_2011-09-22.pdf,Benin,main,other_identified_flows,Privatization receipts (negative),-0.5,-0.6,-0.5,0.09999999999999998
Myanmar_2012-05-07.pdf,Myanmar,main,other_identified_flows,Other identified debt-creating flows,-0.2,-0.3,-0.3,0.09999999999999998
Benin_2011-09-22.pdf,Benin,main,automatic_debt_dynamics,of which: contribution from average real interest rate,0.8,0.9,0.8,0.09999999999999998
The Federal Democratic Republic of Ethiopia_2012-10-18.pdf,Ethiopia,errors,other_identified_flows,Privatization receipts (negative),-0.3,-0.3,-0.2,0.09999999999999998
The Federal Democratic Republic of Ethiopia_2012-10-18.pdf,Ethiopia,errors,other_identified_flows,Other identified debt-creating flows,-0.3,-0.3,-0.2,0.09999999999999998
Cameroon_2012-08-13.pdf,Cameroon,main,primary_balance,of which: grants,0.6,0.6,0.5,0.09999999999999998
Myanmar_2012-05-07.pdf,Myanmar,main,other_identified_flows,Privatization receipts (negative),-0.2,-0.3,-0.3,0.09999999999999998
Cameroon_2012-08-13.pdf,Cameroon,main,automatic_debt_dynamics,Contribution from interest rate/growth differential,-0.4,-0.4,-0.5,0.09999999999999998
Republic of Kosovo_2011-08-01.pdf,Kosovo,main,automatic_debt_dynamics,Contribution from interest rate/growth differential,-0.7,-0.7,-0.6,0.09999999999999998
Republic of Kosovo_2011-08-01.pdf,Kosovo,main,automatic_debt_dynamics,of which: contribution from real GDP growth,-0.6,-0.6,-0.7,0.09999999999999998
Republic of Kosovo_2012-05-09.pdf,Kosovo,errors,automatic_debt_dynamics,Contribution from real exchange rate depreciation,-0.5,-0.4,-0.4,0.09999999999999998
Republic of Lithuania_2013-03-28.pdf,Lithuania,main,residual,"Residual, including asset changes (2-3) 5/",0.5,0.4,0.5,0.09999999999999998
Hungary_2015-04-03.pdf,Hungary,main,automatic_debt_dynamics,Interest rate/growth differential 6/,-0.8,-0.9,-0.8,0.09999999999999998
Nicaragua_2011-11-14.pdf,Nicaragua,errors,other_identified_flows,Recognition of implicit or contingent liabilities,0.6,0.6,0.7,0.09999999999999998
Senegal_2013-06-24.pdf,Senegal,main,automatic_debt_dynamics,Contribution from interest rate/growth differential,-0.6,-0.5,-0.5,0.09999999999999998
Former Yugoslav Republic of Macedonia_2015-09-03.pdf,North Macedonia,main,automatic_debt_dynamics,Automatic debt dynamics,-0.9,-0.8,-0.8,0.09999999999999998
Dominica_2011-11-14.pdf,Dominica,errors,automatic_debt_dynamics,of which: contribution from average real interest rate,1.4,1.3,1.4,0.09999999999999987
St. Vincent and the Grenadines_2014-08-21.pdf,St. Vincent and the Grenadines,main,automatic_debt_dynamics,of which: contribution from average real interest rate,1.8,1.8,1.9,0.09999999999999987
Democratic Republic of São Tomé and Príncipe_2014-01-06.pdf,São Tomé and Príncipe,errors,automatic_debt_dynamics,Contribution from interest rate/growth differential,-1.8,-1.9,-1.9,0.09999999999999987
Republic of Congo_2014-09-04.pdf,Republic of Congo,errors,automatic_debt_dynamics,of which: contribution from real GDP growth,-1.1,-1.2,-1.2,0.09999999999999987
El Salvador_2013-05-22.pdf,El Salvador,errors,primary_balance,Primary deficit,1.6,1.6,1.7,0.09999999999999987
Bhutan_2011-06-02.pdf,Bhutan,main,primary_balance,of which: grants,11.4,11.3,11.3,0.09999999999999964
The Federal Democratic Republic of Ethiopia_2012-10-18.pdf,Ethiopia,errors,automatic_debt_dynamics,Of which: contribution from real GDP growth,-2.8,-2.8,-2.7,0.09999999999999964
Lao People’s Democratic Republic_2015-02-26.pdf,Lao PDR,errors,primary_balance,Revenue and grants,23.4,23.4,23.3,0.09999999999999787
Republic of Mozambique_2012-06-15.pdf,Mozambique,main,primary_balance,Revenue and grants,29.7,29.7,29.6,0.09999999999999787
Democratic Republic of São Tomé and Príncipe_2012-02-08.pdf,São Tomé and Príncipe,main,primary_balance,Primary (noninterest) expenditure,48.2,48.3,48.2,0.09999999999999432
Maldives_2011-09-26.pdf,Maldives,main,primary_balance,Primary (noninterest) expenditure,61.3,61.3,61.2,0.09999999999999432
Albania_2014-03-19.pdf,Albania,main,identified_flows,Identified debt-creating flows,2.3,2.38,2.38,0.08000000000000007
Mexico_2015-11-17.pdf,Mexico,main,identified_flows,Identified debt-creating flows,3.18,3.1,3.1,0.08000000000000007
Republic of Armenia_2015-11-19.pdf,Armenia,main,identified_flows,Identified debt-creating flows,6.0,6.08,6.08,0.08000000000000007
Republic of Armenia_2015-11-19.pdf,Armenia,main,change_in_debt,Change in gross public sector debt,2.3,2.34,2.34,0.040000000000000036
Botswana_2014-07-15.pdf,Botswana,main,identified_flows,Identified debt-creating flows,-1.14,-1.1,-1.14,0.039999999999999813
Mexico_2014-11-12.pdf,Mexico,main,identified_flows,Identified debt-creating flows,2.6,2.57,2.57,0.03000000000000025
Italy_2014-09-18.pdf,Italy,main,change_in_debt,Change in gross public sector debt,5.63,5.6,5.6,0.03000000000000025
Botswana_2014-07-15.pdf,Botswana,main,change_in_debt,Change in gross public sector debt,-2.13,-2.1,-2.13,0.029999999999999805
Republic of Slovenia_2014-01-17.pdf,Slovenia,main,change_in_debt,Change in gross public sector debt,7.4,7.43,7.43,0.02999999999999936
Albania_2014-03-19.pdf,Albania,main,change_in_debt,Change in gross public sector debt,8.0,8.03,8.03,0.02999999999999936
Malaysia_2014-03-14.pdf,Malaysia,main,change_in_debt,Change in gross public sector debt,1.7,1.7,1.72,0.020000000000000018
Mexico_2015-11-17.pdf,Mexico,main,change_in_debt,Change in gross public sector debt,3.42,3.4,3.4,0.020000000000000018
Finland_2014-05-28.pdf,Finland,main,change_in_debt,Change in gross public sector debt,3.32,3.32,3.3,0.020000000000000018
Malaysia_2014-03-14.pdf,Malaysia,main,identified_flows,Identified debt-creating flows,1.4,1.4,1.42,0.020000000000000018
Mexico_2014-11-12.pdf,Mexico,main,change_in_debt,Change in gross public sector debt,3.2,3.19,3.19,0.010000000000000231
Finland_2014-05-28.pdf,Finland,main,identified_flows,Identified debt-creating flows,3.51,3.51,3.5,0.009999999999999787
